,code,name,cf_sales,rateofreturn,cf_nm,cf_liabilities,cashflowratio
0,002670,国盛金控,2786.613,0.0678,,0.1164,18.0172
1,300059,东方财富,4.1198,0.065,5.2532,0.0984,12.0816
2,000667,美好置业,3.9335,0.0762,9.3219,0.1183,16.6246
3,600515,海航基础,1.9943,0.0598,5.7615,0.1104,15.6065
4,000576,广东甘化,1.6964,0.257,,4.7885,479.9504
5,000809,铁岭新城,1.6893,0.0034,3.5705,0.0073,1.5657
6,002305,南国置业,1.5279,0.0387,14.7874,0.0487,8.4554
7,000720,*ST新能,1.2778,0.157,1.6232,0.2238,32.5949
8,600565,迪马股份,1.2022,0.0659,19.4264,0.0788,9.7082
9,002167,东方锆业,0.9699,0.1119,23.184,0.1801,26.0904
10,600251,冠农股份,0.9053,0.2724,11.4643,0.608,69.5812
11,600777,新潮能源,0.8999,0.0836,8.0135,0.2117,70.3667
12,002039,黔源电力,0.8564,0.0544,3.9734,0.0741,28.9497
13,600506,香梨股份,0.8121,0.0631,,1.1938,428.4138
14,000886,海南高速,0.8081,0.0644,2.8501,0.3471,38.1177
15,600368,五洲交通,0.7647,0.0605,2.6989,0.0889,26.0059
16,002618,丹邦科技,0.7259,0.049,7.2246,0.1575,25.2247
17,600020,中原高速,0.7098,0.037,2.9237,0.0487,17.8528
18,000791,甘肃电投,0.6782,0.0321,4.7125,0.0468,37.0082
19,000615,京汉股份,0.6698,0.0686,79.354,0.0967,15.1074
20,002287,奇正藏药,0.656,0.1403,1.8719,0.5759,63.9789
21,002818,富森美,0.6496,0.087,1.2336,0.4106,42.0295
22,300215,电科院,0.6336,0.0535,3.9819,0.1082,18.0157
23,603377,东方时尚,0.6297,0.0907,3.1572,0.22,26.8076
24,002344,海宁皮城,0.6107,0.0463,2.4465,0.1575,19.2775
25,000688,国城矿业,0.597,0.1586,1.6135,1.4679,167.3886
26,601985,中国核电,0.5961,0.034,2.2844,0.0454,25.9407
27,600548,深高速,0.5958,0.0359,1.5332,0.0565,19.6423
28,300548,博创科技,0.5917,0.1014,2.4,1.2382,159.995
29,600510,黑牡丹,0.5837,0.0507,15.583,0.077,11.3866
30,600674,川投能源,0.578,0.0063,0.1654,0.0233,2.6382
31,000514,渝开发,0.5767,0.0242,6.0231,0.053,10.4684
32,601101,昊华能源,0.5634,0.0806,2.3974,0.1963,46.8168
33,300144,宋城演艺,0.5612,0.0909,1.2859,0.643,65.0326
34,002659,凯文教育,0.5508,0.0155,,0.048,4.7969
35,601518,吉林高速,0.5436,0.0302,1.6464,0.069,45.1176
36,000544,中原环保,0.5389,0.0372,1.4656,0.1871,33.2618
37,600519,贵州茅台,0.531,0.1365,1.0481,0.5308,53.1072
38,300568,星源材质,0.5259,0.0592,1.1474,0.125,30.5604
39,600784,鲁银投资,0.5254,0.1043,5.4185,0.1774,18.1586
40,601368,绿城水务,0.5226,0.0389,2.0398,0.0621,27.7622
41,600622,光大嘉宝,0.4899,0.0537,2.3538,0.0847,15.6361
42,600338,西藏珠峰,0.4875,0.1235,1.0175,0.2475,39.6539
43,603817,海峡环保,0.4834,0.0337,1.8529,0.0789,12.627
44,603444,吉比特,0.4799,0.1111,0.8858,0.4987,56.5792
45,000421,南京公用,0.4785,0.0741,6.8718,0.1075,11.5829
46,002625,光启技术,0.4772,0.0112,3.3906,0.1198,19.184
47,002535,林州重机,0.4758,0.0585,6.8101,0.0961,10.8021
48,002451,摩恩电气,0.4649,0.0845,11.2499,0.1506,17.1142
49,600004,白云机场,0.4638,0.0616,2.4108,0.1411,16.9726
50,601918,新集能源,0.4631,0.0685,2.525,0.0864,17.1544
51,603136,天目湖,0.4612,0.0936,1.77,0.4183,74.5629
52,002213,特尔佳,0.4589,0.0573,11.1507,0.4074,40.7443
53,603626,科森科技,0.4543,0.109,5.3505,0.2191,26.1132
54,600325,华发股份,0.4537,0.0274,3.2177,0.0323,5.2369
55,600703,三安光电,0.4452,0.0691,1.0027,0.2959,93.658
56,300612,宣亚国际,0.4362,0.1332,25.0516,0.6142,61.4232
57,002034,旺能环境,0.4346,0.0305,1.2995,0.0822,26.8775
58,002320,海峡股份,0.4321,0.0688,1.4321,0.862,109.1012
59,300040,九洲电气,0.4252,0.0604,4.7305,0.1178,17.3126
60,600886,国投电力,0.4244,0.0351,2.4409,0.0494,20.5758
61,002033,丽江旅游,0.4233,0.0531,1.1595,0.5719,58.5116
62,300401,花园生物,0.4123,0.0884,0.8636,1.48,153.8998
63,300595,欧普康视,0.4088,0.0671,0.8577,0.5014,52.759
64,000758,中色股份,0.408,0.1373,12.8059,0.2006,26.2263
65,603429,集友股份,0.4026,0.0943,1.3325,0.3468,37.9965
66,601016,节能风电,0.4004,0.0235,1.2554,0.0369,11.6807
67,300312,邦讯技术,0.3996,0.0565,9.8491,0.1428,14.3627
68,300446,乐凯新材,0.3941,0.0779,1.0305,1.0412,172.5452
69,603896,寿仙谷,0.3914,0.0802,1.644,0.4306,78.2181
70,600516,方大炭素,0.388,0.177,0.6969,0.8364,95.6415
71,300628,亿联网络,0.3863,0.1012,0.7916,2.1887,218.8706
72,002275,桂林三金,0.3831,0.0932,1.0739,0.6869,92.5244
73,300357,我武生物,0.3809,0.0935,0.8015,1.6503,182.5887
74,300529,健帆生物,0.3802,0.0966,0.8267,0.6604,78.8886
75,002751,易尚展示,0.3786,0.0454,12.058,0.0673,12.6402
76,603881,数据港,0.3747,0.0726,1.8418,0.1645,29.144
77,000929,兰州黄河,0.368,0.0719,,0.3316,33.7837
78,603838,四通股份,0.364,0.0826,1.9553,0.5203,102.7171
79,002233,塔牌集团,0.3613,0.1077,1.2707,0.7379,76.913
80,300132,青松股份,0.3588,0.1686,1.3819,0.5871,60.1067
81,600017,日照港,0.3583,0.0423,2.2612,0.1003,18.5143
82,603758,秦安股份,0.3533,0.0542,,1.1123,111.2384
83,601158,重庆水务,0.3532,0.0454,1.0125,0.1914,37.2881
84,600223,鲁商置业,0.3523,0.017,17.8513,0.018,2.0779
85,600050,中国联通,0.3511,0.0948,8.8861,0.2178,23.8692
86,603305,旭升股份,0.3476,0.1078,1.2892,0.4983,51.1646
87,002821,凯莱英,0.3448,0.0953,1.8632,0.5039,65.4692
88,002805,丰元股份,0.3422,0.0697,3.5231,0.5066,51.5264
89,002387,维信诺,0.3407,0.004,4.4459,0.0093,2.1426
90,600225,天津松江,0.3393,0.0196,,0.0223,2.8217
91,002925,盈趣科技,0.3381,0.1129,1.1174,0.7335,80.7713
92,000908,景峰医药,0.3378,0.0696,4.7315,0.166,34.1146
93,000537,广宇发展,0.3365,0.0449,1.9974,0.0528,6.8693
94,002759,天际股份,0.3346,0.036,4.5094,0.3223,33.886
95,000722,湖南发展,0.3338,0.0136,0.9692,0.1968,51.9817
96,002836,新宏泽,0.3306,0.059,2.2392,0.2988,31.1229
97,300653,正海生物,0.3296,0.0646,0.8673,0.6477,91.7517
98,600269,赣粤高速,0.329,0.0208,1.2042,0.0398,12.4745
99,000915,山大华特,0.3269,0.0903,1.4483,0.531,54.6582
100,603166,福达股份,0.325,0.0728,3.7766,0.1857,21.7374
101,000089,深圳机场,0.3233,0.0424,1.5095,0.2812,28.1784
102,300258,精锻科技,0.3226,0.0789,1.31,0.2427,25.9746
103,603658,安图生物,0.3224,0.1217,1.0898,0.4494,52.8635
104,600665,天地源,0.3224,0.0425,4.5733,0.0492,8.3772
105,002508,老板电器,0.3208,0.1304,1.6988,0.3321,33.9143
106,002489,浙江永强,0.3205,0.11,,0.2161,21.6423
107,000426,兴业矿业,0.3203,0.0386,0.9859,0.1012,21.4545
108,002681,奋达科技,0.3153,0.0522,3.0975,0.1936,27.7343
109,600176,中国巨石,0.3123,0.0576,1.2318,0.1126,15.1743
110,603080,新疆火炬,0.3122,0.0492,1.3601,0.4931,50.7316
111,600867,通化东宝,0.3103,0.0831,0.8479,0.6181,65.3407
112,002365,永安药业,0.3101,0.0903,1.4881,0.6493,70.466
113,300530,达志科技,0.3069,0.0415,0.7752,0.4489,77.9032
114,002827,高争民爆,0.3047,0.0528,1.7066,0.4929,52.7923
115,300593,新雷能,0.3044,0.0671,2.895,0.1821,24.5449
116,000582,北部湾港,0.3023,0.0371,1.5858,0.0818,16.2562
117,600988,赤峰黄金,0.3001,0.0591,4.2876,0.1361,21.3529
118,300396,迪瑞医疗,0.2992,0.0697,1.0678,0.341,41.0436
119,000958,东方能源,0.2985,0.042,3.6363,0.0572,13.2246
120,300623,捷捷微电,0.2974,0.0549,0.923,0.532,61.4331
121,002001,新和成,0.2933,0.0692,0.6598,0.3017,40.3814
122,002901,大博医疗,0.2924,0.0728,0.5772,0.6549,80.7801
123,600563,法拉电子,0.2914,0.0931,1.1099,0.6916,72.6555
124,000589,黔轮胎A,0.2884,0.0969,31.6629,0.1454,16.8158
125,600805,悦达投资,0.2875,0.0272,3.2427,0.0759,8.3722
126,002138,顺络电子,0.2865,0.0651,1.4108,0.3814,41.3944
127,002524,光正集团,0.2864,0.0336,,0.0526,6.5871
128,600217,中再资环,0.2864,0.0651,2.0482,0.1042,13.9394
129,603811,诚意药业,0.2817,0.0995,1.574,0.6857,70.6714
130,002690,美亚光电,0.2812,0.0585,0.8156,0.4157,51.0076
131,600309,万华化学,0.281,0.124,1.0261,0.252,30.8468
132,603585,苏利股份,0.2779,0.103,1.0784,1.1501,121.9342
133,002549,凯美特气,0.2778,0.0542,1.4557,0.2143,28.4038
134,600791,京能置业,0.2761,0.0196,7.8071,0.0344,7.3398
135,002604,*ST龙力,0.275,0.0357,,0.0321,4.3488
136,601020,华钰矿业,0.2749,0.0493,1.3776,0.1245,24.5448
137,600161,天坛生物,0.2734,0.0714,0.9717,0.5381,54.5364
138,000088,盐田港,0.2725,0.0052,0.2699,0.0208,11.2793
139,300146,汤臣倍健,0.2724,0.0965,0.8764,0.7791,85.4162
140,002541,鸿路钢构,0.2723,0.086,5.2583,0.1487,16.172
141,601619,嘉泽新能,0.2722,0.0164,0.9329,0.0228,12.8572
142,300685,艾德生物,0.2714,0.0723,0.7897,0.9135,100.2498
143,002626,金达威,0.2711,0.0976,0.7394,0.3798,58.2223
144,600426,华鲁恒升,0.2699,0.1061,1.1242,0.2669,50.1543
145,600566,济川药业,0.2687,0.1456,1.2129,0.4218,57.1672
146,600802,福建水泥,0.2668,0.0883,1.2797,0.1314,13.862
147,002557,洽洽食品,0.2665,0.1126,2.8215,0.3835,39.7784
148,600844,丹化科技,0.2661,0.0474,,0.2221,23.646
149,000519,中兵红箭,0.2643,0.0555,3.507,0.2526,29.685
150,600211,西藏药业,0.2629,0.0504,0.9122,0.5006,54.5634
151,002316,亚联发展,0.2627,0.149,3.065,0.2138,25.9484
152,603040,新坐标,0.2616,0.0544,0.7412,0.489,52.1119
153,600585,海螺水泥,0.2612,0.0961,0.8976,0.4707,66.2925
154,600256,广汇能源,0.2586,0.0327,1.9376,0.0513,9.3225
155,600305,恒顺醋业,0.2584,0.078,1.7004,0.2772,33.0879
156,002191,劲嘉股份,0.2581,0.0505,0.9782,0.2451,25.063
157,601216,君正集团,0.2575,0.0466,0.7771,0.1607,21.9076
158,600660,福耀玻璃,0.2573,0.0733,1.3884,0.1584,19.4638
159,002677,浙江美大,0.2569,0.0924,0.9911,0.3532,35.5937
160,300434,金石东方,0.2567,0.0368,2.1791,0.2699,36.4276
161,002146,荣盛发展,0.2561,0.0242,1.7993,0.0285,3.5959
162,300033,同花顺,0.2557,0.038,0.7581,0.1562,15.7139
163,300558,贝达药业,0.2557,0.0484,2.3705,0.152,24.4647
164,000639,西王食品,0.2548,0.0803,3.0125,0.1702,49.0657
165,603657,春光科技,0.2529,0.1117,1.2362,0.5166,52.1771
166,002360,同德化工,0.2526,0.0749,1.2827,0.2879,35.4143
167,603199,九华旅游,0.2518,0.051,1.0305,0.4135,47.6164
168,600283,钱江水利,0.2516,0.0244,1.6034,0.0436,7.3369
169,002294,信立泰,0.251,0.0855,0.7221,1.0325,131.5387
170,603556,海兴电力,0.2479,0.0462,1.8,0.1905,22.0643
171,600252,中恒集团,0.2479,0.0544,1.1116,0.2906,32.9684
172,600200,江苏吴中,0.2478,0.052,2.7707,0.1359,15.1952
173,600132,重庆啤酒,0.2464,0.1191,1.8551,0.1648,21.7679
174,000983,西山煤电,0.2454,0.0635,2.9286,0.1035,16.8254
175,600815,厦工股份,0.2452,0.0698,,0.0785,8.6655
176,002238,天威视讯,0.2439,0.0488,1.7729,0.1829,20.4886
177,002425,凯撒文化,0.243,0.0157,0.6169,0.0854,14.1603
178,000899,赣能股份,0.2426,0.0387,2.9193,0.0994,13.5487
179,002831,裕同科技,0.2423,0.0838,2.8557,0.1846,23.6544
180,601225,陕西煤业,0.242,0.0554,0.7195,0.1235,20.3853
181,600982,宁波热电,0.2413,0.0445,1.926,0.1246,16.3973
182,000830,鲁西化工,0.2408,0.0864,1.488,0.1435,16.9457
183,300322,硕贝德,0.2406,0.1112,4.8317,0.1794,20.3267
184,600796,钱江生化,0.2389,0.0549,,0.157,23.8821
185,600178,东安动力,0.2379,0.0467,12.6464,0.1003,10.4961
186,600230,沧州大化,0.2366,0.1321,0.6852,0.8432,95.544
187,000672,上峰水泥,0.236,0.0744,0.954,0.1287,14.4105
188,603156,养元饮品,0.236,0.07,0.751,0.2827,28.9956
189,300179,四方达,0.2355,0.0386,1.2005,0.1529,17.1547
190,600393,粤泰股份,0.2353,0.0214,0.7627,0.0322,3.7628
191,600780,通宝能源,0.2338,0.0569,5.488,0.0985,25.6241
192,603767,中马传动,0.2335,0.0581,3.2241,0.2657,27.4345
193,300304,云意电气,0.232,0.0344,1.1286,0.2836,32.8573
194,300562,乐心医疗,0.2319,0.0989,10.8445,0.2891,28.9145
195,002114,罗平锌电,0.2287,0.0629,,0.3179,59.6735
196,600425,青松建化,0.2285,0.0225,7.4545,0.0391,7.0382
197,300105,龙源技术,0.2277,0.0182,35.1452,0.1372,14.4033
198,000656,金科股份,0.2273,0.019,4.458,0.0224,3.3995
199,300151,昌红科技,0.2265,0.0708,3.0016,0.6045,64.2709
200,600801,华新水泥,0.2264,0.0868,1.1884,0.1675,26.5922
201,600720,祁连山,0.2242,0.0532,2.5185,0.1366,17.0894
202,002553,南方轴承,0.2241,0.0556,0.5324,0.549,56.4606
203,002633,申科股份,0.224,0.0218,,0.0857,9.6643
204,600763,通策医疗,0.2235,0.0813,1.0516,0.2341,80.3776
205,002843,泰嘉股份,0.2232,0.0539,1.2881,0.3052,31.2736
206,000935,四川双马,0.2226,0.0565,0.7318,0.2654,26.7818
207,600419,天润乳业,0.2223,0.106,2.2182,0.296,39.976
208,600486,扬农化工,0.2223,0.0977,1.1661,0.2687,27.1277
209,300549,优德精密,0.2205,0.0578,1.5987,0.1736,18.5974
210,600051,宁波联合,0.2203,0.0687,6.579,0.1088,12.0957
211,600971,恒源煤电,0.2202,0.0486,1.5278,0.0983,14.4046
212,603568,伟明环保,0.2193,0.0367,0.4328,0.0868,34.5725
213,603393,新天然气,0.2192,0.0317,1.142,0.0647,49.7422
214,300016,北陆药业,0.2181,0.0559,0.8016,0.939,136.7974
215,000862,银星能源,0.2176,0.0137,2.1749,0.0197,8.5629
216,300249,依米康,0.2167,0.0431,3.154,0.0674,7.538
217,300051,三五互联,0.2166,0.0174,7.0888,0.0625,26.2232
218,002857,三晖电气,0.216,0.0192,4.3614,0.0859,8.5907
219,300476,胜宏科技,0.2149,0.0728,1.6485,0.187,18.9432
220,000877,天山股份,0.2146,0.0361,1.781,0.0695,8.7154
221,601882,海天精工,0.2144,0.0611,2.6992,0.1235,13.4371
222,002653,海思科,0.2135,0.0628,1.8495,0.1313,15.991
223,603605,珀莱雅,0.2128,0.086,1.7242,0.2105,23.894
224,603776,永安行,0.2127,0.0388,1.3983,0.1323,18.0005
225,000726,鲁泰A,0.2127,0.0682,1.7884,0.2668,30.0563
226,603898,好莱客,0.2123,0.0687,1.0583,0.3087,31.6619
227,000636,风华高科,0.2123,0.0681,1.0531,0.2789,31.1334
228,600103,青山纸业,0.2119,0.0646,2.3542,0.2305,27.5543
229,603088,宁波精达,0.2114,0.0391,2.1003,0.1069,11.1529
230,600062,华润双鹤,0.211,0.0878,1.4313,0.369,40.4486
231,002910,庄园牧场,0.2095,0.035,2.4963,0.0892,9.6737
232,600586,金晶科技,0.2095,0.05,2.4043,0.0899,10.7643
233,603078,江化微,0.2091,0.0399,1.9443,0.2001,28.6936
234,300474,景嘉微,0.2081,0.0326,0.6386,0.2094,24.9641
235,603025,大豪科技,0.2076,0.0706,0.5469,0.669,67.5953
236,603188,ST亚邦,0.2052,0.0527,1.3265,0.1681,18.4832
237,603688,石英股份,0.2036,0.0425,1.0523,0.4897,53.1056
238,000683,远兴能源,0.2033,0.0428,1.1159,0.0858,9.0666
239,600722,金牛化工,0.2028,0.0768,2.6224,0.6957,69.7985
240,002299,圣农发展,0.2018,0.0789,3.0909,0.1678,18.4754
241,002820,桂发祥,0.2014,0.0475,1.1362,1.1282,157.9226
242,002799,环球印务,0.2013,0.0598,3.7938,0.171,17.0997
243,300219,鸿利智汇,0.2013,0.0757,1.6667,0.1796,23.0018
244,603978,深圳新星,0.2008,0.0591,1.8143,0.3102,36.5324
245,300027,华谊兄弟,0.1995,0.021,1.0275,0.0456,5.9977
246,600198,*ST大唐,0.1993,0.0298,,0.0285,3.7162
247,600113,浙江东日,0.1993,0.0371,0.7451,0.1194,25.8358
248,601666,平煤股份,0.1962,0.0423,5.1271,0.0628,9.7593
249,300110,华仁药业,0.1954,0.0388,8.5508,0.1212,12.8822
250,601199,江南水务,0.1953,0.0174,0.8993,0.0407,8.9064
251,300283,温州宏丰,0.195,0.0769,6.7948,0.1317,15.6686
252,300136,信维通信,0.1944,0.0636,0.8147,0.1503,15.1503
253,600508,上海能源,0.1942,0.0449,1.1381,0.1295,18.582
254,002405,四维图新,0.1926,0.0192,1.4812,0.0642,6.6204
255,000613,大东海A,0.1923,0.0354,2.4261,0.3257,38.5956
256,002706,良信电器,0.1923,0.0722,1.2253,0.3478,35.2478
257,002222,福晶科技,0.1917,0.0529,0.5886,0.4816,61.8662
258,600131,岷江水电,0.1915,0.0379,1.1911,0.0722,17.2267
259,603037,凯众股份,0.1911,0.0586,0.6971,0.3202,32.0248
260,603826,坤彩科技,0.191,0.0414,0.6151,0.4721,60.8655
261,300590,移为通信,0.191,0.0409,0.7368,0.396,41.6191
262,600323,瀚蓝环境,0.1898,0.0297,0.8614,0.0507,13.1913
263,300281,金明精机,0.1896,0.0291,1.3412,0.1708,22.9149
264,601616,广电电气,0.1895,0.0212,3.3543,0.14,14.5
265,600872,中炬高新,0.1893,0.0728,1.0964,0.2085,39.3712
266,002900,哈三联,0.1889,0.0761,1.3052,0.3353,40.0421
267,601000,唐山港,0.1887,0.0377,1.0878,0.1403,19.7541
268,300700,岱勒新材,0.1887,0.037,0.8116,0.0781,8.8541
269,300398,飞凯材料,0.188,0.0446,0.8837,0.1371,16.5735
270,603587,地素时尚,0.1873,0.0497,0.5418,0.4446,46.9425
271,000959,首钢股份,0.187,0.0429,3.1608,0.0588,9.2312
272,600505,西昌电力,0.1868,0.0304,8.4317,0.0571,9.9205
273,600569,安阳钢铁,0.1861,0.0865,2.8702,0.1123,12.9378
274,300288,朗玛信息,0.1854,0.0266,0.882,0.1525,17.1886
275,002816,和科达,0.1846,0.039,4.0889,0.135,13.7878
276,300009,安科生物,0.1845,0.0497,0.8867,0.2145,25.8768
277,002675,东诚药业,0.1844,0.0272,1.0585,0.0796,10.961
278,600353,旭光股份,0.1844,0.0544,2.6409,0.1909,19.6848
279,603027,千禾味业,0.1843,0.0506,0.6514,0.1725,41.3719
280,002815,崇达技术,0.1837,0.0687,1.1882,0.1472,21.4582
281,600011,华能国际,0.1834,0.0396,5.4268,0.0525,10.6993
282,002072,凯瑞德,0.1832,0.0138,,0.0149,1.4898
283,600781,辅仁药业,0.1831,0.055,1.2584,0.107,12.452
284,600987,航民股份,0.1828,0.0697,1.0799,0.357,39.75
285,002481,双塔食品,0.1825,0.0483,3.0455,0.1227,12.4364
286,002476,宝莫股份,0.1824,0.0269,,0.1437,22.2495
287,002128,露天煤业,0.1822,0.0497,0.6553,0.1989,22.44
288,603328,依顿电子,0.182,0.0477,1.0602,0.3286,33.4931
289,300026,红日药业,0.1819,0.0459,1.0317,0.3633,38.1053
290,300684,中石科技,0.1817,0.058,1.1432,0.1795,17.9509
291,300003,乐普医疗,0.1808,0.0382,0.6336,0.0722,12.9008
292,002461,珠江啤酒,0.1803,0.0317,2.215,0.1081,16.6754
293,002507,涪陵榨菜,0.1801,0.0722,0.6274,0.3573,44.6666
294,603900,莱绅通灵,0.1799,0.0613,1.0098,0.3467,35.1485
295,002672,东江环保,0.1797,0.0311,0.9535,0.0584,9.1769
296,002145,中核钛白,0.1788,0.0508,1.3159,0.121,14.6567
297,000786,北新建材,0.1785,0.0641,0.8198,0.3065,38.5411
298,002475,立讯精密,0.1781,0.0743,2.7223,0.1529,17.7831
299,300394,天孚通信,0.1781,0.0404,0.6782,0.3396,41.0887
300,002267,陕天然气,0.178,0.066,2.3126,0.1324,21.8231
301,002513,蓝丰生化,0.1773,0.0395,5.2905,0.1045,11.5779
302,300065,海兰信,0.1772,0.0251,0.7936,0.1024,12.3703
303,300418,昆仑万维,0.1769,0.0295,0.3777,0.0781,11.3886
304,002911,佛燃股份,0.1765,0.08,1.395,0.181,25.225
305,002477,雏鹰农牧,0.1764,0.0173,,0.0236,2.9112
306,603963,大理药业,0.1763,0.0608,40.4019,0.2655,26.8151
307,600888,新疆众和,0.1763,0.038,3.941,0.0569,13.2336
308,002265,西仪股份,0.1762,0.0499,12.7954,0.1428,19.3876
309,002059,云南旅游,0.1757,0.0315,6.0161,0.056,5.7025
310,600873,梅花生物,0.1753,0.0576,2.2896,0.1068,15.2462
311,600116,三峡水利,0.1742,0.0171,0.6581,0.036,7.4956
312,000710,贝瑞基因,0.174,0.056,0.7695,0.4412,45.7805
313,002643,万润股份,0.1738,0.0467,1.1526,0.4743,53.0531
314,002728,特一药业,0.1737,0.0378,0.9496,0.0814,16.5943
315,002635,安洁科技,0.1732,0.0306,1.076,0.1544,16.5548
316,002920,德赛西威,0.1721,0.0868,1.7161,0.2683,31.9948
317,600979,广安爱众,0.1717,0.0212,1.3318,0.0407,9.8892
318,601636,旗滨集团,0.1714,0.0496,0.986,0.1091,24.2161
319,600966,博汇纸业,0.1712,0.0472,1.8156,0.0715,8.3614
320,600276,恒瑞医药,0.171,0.0662,0.6827,0.557,57.2548
321,603866,桃李面包,0.1709,0.1068,1.4084,0.8748,90.2789
322,603288,海天味业,0.1708,0.0987,0.6624,0.4439,46.2591
323,000990,诚志股份,0.1698,0.0225,1.4809,0.0982,14.5448
324,600220,江苏阳光,0.1693,0.039,3.9344,0.0798,8.3465
325,002118,紫鑫药业,0.1685,0.0152,0.5121,0.0289,4.0725
326,002069,獐子岛,0.1678,0.0636,13.1853,0.0717,9.0583
327,603369,今世缘,0.1674,0.0548,0.4614,0.2821,28.5567
328,000999,华润三九,0.1673,0.0665,1.282,0.1891,20.9555
329,603077,和邦生物,0.1662,0.0371,1.9616,0.2827,34.9764
330,600868,梅雁吉祥,0.1661,0.0067,1.7303,0.2865,29.7477
331,600260,凯乐科技,0.1658,0.0703,2.0734,0.1,10.8884
332,603808,歌力思,0.1654,0.0513,0.9659,0.1958,26.9767
333,600101,明星电力,0.1653,0.0409,2.6339,0.1331,19.8813
334,300037,新宙邦,0.1653,0.0414,1.3152,0.1207,15.0238
335,002075,沙钢股份,0.1653,0.1162,0.9588,0.325,33.6899
336,603637,镇海股份,0.1653,0.0416,2.1622,0.1818,19.1087
337,000301,东方市场,0.1651,0.0186,1.1386,0.1034,20.5702
338,601898,中煤能源,0.1644,0.0322,1.9038,0.056,14.182
339,000807,云铝股份,0.1642,0.0465,32.2986,0.0661,9.2656
340,600633,浙数文化,0.1636,0.0125,0.3551,0.1021,32.5333
341,600123,兰花科创,0.1629,0.0268,1.1725,0.0469,5.846
342,002085,万丰奥威,0.1612,0.0695,1.4016,0.1472,17.5156
343,603079,圣达生物,0.161,0.0345,0.9239,0.1594,16.4248
344,600277,亿利洁能,0.1609,0.0484,3.162,0.1044,16.2143
345,603278,大业股份,0.16,0.0645,1.8299,0.1277,14.0744
346,603178,圣龙股份,0.1596,0.0523,3.0909,0.091,9.6672
347,600227,圣济堂,0.1594,0.0269,1.4194,0.0915,10.8786
348,002437,誉衡药业,0.1593,0.043,1.7834,0.0814,11.7874
349,603517,绝味食品,0.1592,0.098,1.0671,0.4844,49.762
350,300127,银河磁体,0.159,0.0396,0.6068,0.7503,76.3779
351,300199,翰宇药业,0.1589,0.0183,0.4899,0.0608,10.6392
352,300183,东软载波,0.1586,0.0215,0.7377,0.1914,20.8927
353,300747,锐科激光,0.1566,0.0539,0.4487,0.3856,45.7815
354,300403,地尔汉宇,0.1561,0.0338,0.9652,0.2685,29.768
355,603566,普莱柯,0.1558,0.0245,0.5815,0.1909,21.5477
356,600379,宝光股份,0.1557,0.0799,2.8947,0.2385,26.0403
357,600035,楚天高速,0.1539,0.0203,0.6968,0.0472,9.4258
358,002526,山东矿机,0.1537,0.048,1.7673,0.221,22.3229
359,002597,金禾实业,0.1534,0.0619,0.6373,0.1786,23.6569
360,300121,阳谷华泰,0.1534,0.072,0.7342,0.2356,24.8677
361,601333,广深铁路,0.1527,0.0422,2.2335,0.2504,25.8022
362,002772,众兴菌业,0.1525,0.0156,1.7206,0.0458,25.447
363,603058,永吉股份,0.1524,0.0341,0.5258,0.5247,55.3476
364,002051,中工国际,0.1518,0.0373,1.1942,0.0716,7.4262
365,000538,云南白药,0.1518,0.0666,1.2104,0.2009,25.3287
366,002671,龙泉股份,0.1516,0.0181,10.8,0.045,4.8917
367,600663,陆家嘴,0.1513,0.0128,0.415,0.0174,3.0372
368,000401,冀东水泥,0.1512,0.0281,2.1294,0.0387,5.0072
369,002430,杭氧股份,0.1507,0.0513,1.5504,0.1003,15.029
370,600881,亚泰集团,0.1507,0.0172,66.2113,0.0261,3.3662
371,000731,四川美丰,0.1499,0.0443,1.6243,0.1425,23.2433
372,000766,通化金马,0.1493,0.0217,0.9264,0.0946,16.2805
373,600497,驰宏锌锗,0.1486,0.0487,2.1079,0.1045,16.4485
374,300043,星辉娱乐,0.1481,0.0405,1.6941,0.0729,11.0682
375,601139,深圳燃气,0.1469,0.0454,1.3651,0.0839,12.6966
376,600375,华菱星马,0.1457,0.0432,12.8454,0.0562,6.0608
377,002088,鲁阳节能,0.1457,0.0451,0.7453,0.1804,18.5448
378,601678,滨化股份,0.1454,0.0479,1.0575,0.115,21.5469
379,603595,东尼电子,0.1446,0.0562,0.7717,0.1394,16.6765
380,603722,阿科力,0.1443,0.0416,1.2174,0.172,17.1958
381,603113,金能科技,0.144,0.0991,1.1129,0.3656,49.6862
382,000799,酒鬼酒,0.1435,0.0294,0.6563,0.1545,15.6462
383,603208,江山欧派,0.1433,0.0402,1.2058,0.1078,14.639
384,002700,新疆浩源,0.1431,0.0221,0.7871,0.1869,18.7466
385,603181,皇马科技,0.143,0.0715,1.4191,0.3784,40.0298
386,002621,三垒股份,0.1427,0.0108,1.8374,0.1073,11.3625
387,002464,众应互联,0.1426,0.0178,0.5175,0.0338,3.4555
388,002391,长青股份,0.1425,0.0533,1.2262,0.2492,25.6996
389,600557,康缘药业,0.1417,0.0481,1.28,0.1562,16.5606
390,002225,濮耐股份,0.1416,0.0524,2.0589,0.1065,10.7654
391,600150,*ST船舶,0.1413,0.0224,4.3293,0.0387,6.3708
392,300609,汇纳科技,0.1404,0.0203,0.7359,0.178,18.5246
393,300517,海波重科,0.1404,0.0166,1.7659,0.0361,3.63
394,600273,嘉化能源,0.1403,0.0461,0.6791,0.2126,28.107
395,300400,劲拓股份,0.1402,0.0513,0.8784,0.1371,14.4623
396,300145,中金环境,0.1401,0.0297,0.8854,0.0603,7.7833
397,600529,山东药玻,0.14,0.0418,1.0861,0.1783,18.4187
398,600097,开创国际,0.14,0.0702,6.0179,0.3791,41.4488
399,600702,舍得酒业,0.1392,0.031,0.7873,0.0814,8.3659
400,603466,风语筑,0.1384,0.0403,0.9292,0.0725,7.2493
401,600315,上海家化,0.1377,0.049,1.5928,0.1077,16.2705
402,600845,宝信软件,0.1374,0.036,1.0512,0.1095,12.1495
403,000584,哈工智能,0.1369,0.0402,2.5866,0.0703,9.0851
404,300643,万通智控,0.1366,0.04,1.654,0.2743,28.418
405,300718,长盛轴承,0.1364,0.0402,0.6655,0.481,49.3516
406,002713,东易日盛,0.1361,0.0763,5.5316,0.1141,11.9483
407,000531,穗恒运A,0.1358,0.0209,4.6914,0.0357,4.7027
408,603488,展鹏科技,0.1352,0.0209,0.667,0.2062,20.6212
409,002062,宏润建设,0.1352,0.0414,3.5964,0.0537,6.3941
410,300508,维宏股份,0.1345,0.03,,0.3598,45.5097
411,603997,继峰股份,0.1338,0.0619,0.9213,0.2592,26.2149
412,300332,天壕环境,0.1337,0.0137,6.5221,0.0251,3.5768
413,000928,中钢国际,0.1332,0.0289,1.5606,0.0452,4.5699
414,603300,华铁科技,0.133,0.0082,0.482,0.0234,2.7098
415,600479,千金药业,0.1328,0.0611,2.4663,0.1919,21.3349
416,002847,盐津铺子,0.1325,0.0642,1.6396,0.1633,17.0936
417,000026,飞亚达A,0.1325,0.0619,1.9994,0.2139,22.8716
418,002064,华峰氨纶,0.1321,0.0533,1.174,0.1603,22.9099
419,603868,飞科电器,0.1319,0.0821,0.602,0.3158,33.4276
420,002149,西部材料,0.131,0.0245,3.0163,0.0486,7.0766
421,002206,海利得,0.1305,0.0492,1.2287,0.1434,14.8151
422,002570,*ST因美,0.13,0.0341,16.1799,0.0573,7.2918
423,603880,南卫股份,0.1299,0.0356,0.7843,0.1063,11.0117
424,002381,双箭股份,0.1298,0.0396,1.1865,0.2062,20.6459
425,600615,丰华股份,0.1298,0.0088,1.5284,0.1039,14.715
426,600449,宁夏建材,0.1297,0.0298,1.3651,0.0883,11.7158
427,002087,新野纺织,0.1289,0.0468,2.3038,0.0758,11.7187
428,300224,正海磁材,0.1289,0.0263,3.2882,0.0963,10.2955
429,002521,齐峰新材,0.1285,0.0563,5.6989,0.283,28.9824
430,300211,亿通科技,0.1279,0.0166,4.4261,0.1654,17.4609
431,300138,晨光生物,0.1278,0.0555,1.7748,0.128,13.3178
432,300630,普利制药,0.1274,0.0342,0.4544,0.1968,28.3487
433,002636,金安国纪,0.1273,0.0559,1.345,0.1284,13.2312
434,002661,克明面业,0.1269,0.0506,1.4303,0.1593,16.4899
435,600684,珠江实业,0.1265,0.0212,1.285,0.0278,9.3677
436,000603,盛达矿业,0.1265,0.0189,0.4505,0.0999,10.1959
437,300455,康拓红外,0.1262,0.0157,0.5545,0.1318,18.7122
438,300395,菲利华,0.1262,0.0339,0.524,0.1501,16.2278
439,002440,闰土股份,0.126,0.0457,0.6162,0.2385,24.1346
440,600812,华北制药,0.1259,0.0345,10.2796,0.0499,6.0921
441,603929,亚翔集成,0.1252,0.0904,1.7262,0.1977,19.7704
442,603712,七一二,0.1251,0.0202,1.4428,0.0447,4.803
443,603980,吉华集团,0.1249,0.034,0.4628,0.3117,33.0114
444,600903,贵州燃气,0.1248,0.0252,1.9071,0.0385,5.3746
445,300699,光威复材,0.1241,0.025,0.3768,0.1513,31.5853
446,603320,迪贝电气,0.124,0.0569,1.7177,0.3798,39.4921
447,002566,益盛药业,0.123,0.0249,1.2434,0.0992,10.493
448,002568,百润股份,0.1226,0.0304,0.8655,0.1847,21.5895
449,002913,奥士康,0.1223,0.0418,1.2034,0.1304,13.4431
450,300707,威唐工业,0.1223,0.0452,0.5803,0.1799,19.243
451,002272,川润股份,0.1222,0.0185,,0.0625,6.9088
452,603200,上海洗霸,0.1217,0.0269,0.4899,0.1753,17.5287
453,002434,万里扬,0.1215,0.0274,0.9405,0.0778,10.237
454,600023,浙能电力,0.1213,0.0303,1.3146,0.077,17.8866
455,603222,济民制药,0.121,0.0214,1.2194,0.0453,7.6251
456,603069,海汽集团,0.1209,0.0369,1.9618,0.0897,10.3507
457,300620,光库科技,0.12,0.0275,0.3603,0.1791,31.5333
458,300689,澄天伟业,0.12,0.0302,0.7339,0.2381,26.1857
459,000557,西部创业,0.1197,0.0084,0.8104,0.0502,5.2803
460,300039,上海凯宝,0.1194,0.0391,0.5909,0.3297,36.6222
461,002258,利尔化学,0.1192,0.0373,0.7502,0.0788,10.4404
462,002735,王子新材,0.1186,0.0449,2.1988,0.1663,17.694
463,300641,正丹股份,0.1185,0.0457,1.5482,0.2879,28.7877
464,002737,葵花药业,0.1183,0.0615,0.9145,0.2039,27.9541
465,600697,欧亚集团,0.1178,0.041,3.1369,0.0542,6.0574
466,002449,国星光电,0.1171,0.0345,0.9405,0.0744,7.9918
467,300185,通裕重工,0.1171,0.02,1.6828,0.0422,4.925
468,000600,建投能源,0.1167,0.0255,2.733,0.0439,8.694
469,603701,德宏股份,0.1164,0.0319,0.7202,0.1047,12.4059
470,603650,彤程新材,0.1158,0.0434,0.5527,0.16,16.6215
471,002020,京新药业,0.1154,0.035,0.7773,0.1636,17.5673
472,002608,江苏国信,0.1154,0.0228,0.887,0.0519,6.7174
473,601799,星宇股份,0.1154,0.043,0.9429,0.1125,12.0855
474,300481,濮阳惠成,0.1153,0.0447,0.7025,0.3116,34.3603
475,300327,中颖电子,0.1152,0.0446,0.5664,0.2119,22.3854
476,603023,威帝股份,0.1151,0.0175,0.316,0.2131,21.3101
477,002850,科达利,0.1151,0.029,4.1937,0.107,11.0616
478,002708,光洋股份,0.1149,0.0357,4.3353,0.1094,12.3203
479,300414,中光防雷,0.1145,0.0207,0.9401,0.1514,17.2602
480,000027,深圳能源,0.1141,0.0116,1.5693,0.0167,4.3079
481,600507,方大特钢,0.1141,0.0841,0.7161,0.1405,14.1959
482,600063,皖维高新,0.114,0.0348,3.6229,0.0699,8.8293
483,002916,深南电路,0.114,0.0479,1.3122,0.084,12.6403
484,000430,张家界,0.1137,0.0086,1.0873,0.0228,4.1572
485,002860,星帅尔,0.1137,0.0285,0.4316,0.2169,21.827
486,300391,康跃科技,0.1135,0.0246,0.7636,0.0781,8.5463
487,002393,力生制药,0.1134,0.0228,1.2689,0.1187,12.2531
488,600461,洪城水业,0.1133,0.0269,1.1801,0.0446,5.8104
489,603969,银龙股份,0.1133,0.0492,2.6448,0.165,17.1501
490,300750,宁德时代,0.1131,0.0191,0.9892,0.0468,6.5948
491,603259,药明康德,0.113,0.0307,0.3821,0.0858,10.5935
492,603833,欧派家居,0.1123,0.0534,0.9892,0.1432,15.3196
493,000525,红太阳,0.1117,0.0246,0.7917,0.0457,5.0452
494,002241,歌尔股份,0.1113,0.0356,2.1666,0.0829,9.2633
495,300338,开元股份,0.1113,0.0232,1.0001,0.0993,10.5104
496,600229,城市传媒,0.1106,0.0329,0.724,0.1118,11.6279
497,300054,鼎龙股份,0.1101,0.0187,0.6075,0.312,36.8427
498,000739,普洛药业,0.11,0.0592,1.8109,0.133,14.4229
499,002303,美盈森,0.1098,0.026,0.9083,0.0987,10.617
500,603009,北特科技,0.1097,0.0241,1.5889,0.0658,6.8919
501,300497,富祥股份,0.1095,0.0326,0.5156,0.0678,7.9268
502,603260,合盛硅业,0.1095,0.0388,0.4063,0.0682,8.9933
503,603456,九洲药业,0.1093,0.0312,1.1405,0.1894,21.4476
504,300547,川环科技,0.109,0.038,0.6063,0.1507,18.4358
505,603579,荣泰健康,0.1088,0.0576,0.9242,0.1507,16.1882
506,002534,杭锅股份,0.1085,0.0226,1.1305,0.038,4.7257
507,300445,康斯特,0.1084,0.0198,0.3808,0.158,18.4439
508,603013,亚普股份,0.1078,0.0616,2.0313,0.1119,15.0604
509,300739,明阳电路,0.1078,0.0364,1.4021,0.1278,14.245
510,600933,爱柯迪,0.1077,0.0293,0.5612,0.1446,25.2716
511,603022,新通联,0.1074,0.044,1.6188,0.1846,19.1427
512,600673,东阳光科,0.1072,0.0342,1.3004,0.054,6.6941
513,300358,楚天科技,0.107,0.0203,1.5936,0.0497,5.3717
514,603005,晶方科技,0.1069,0.0141,1.2276,0.0948,12.288
515,600828,茂业商业,0.1065,0.0364,1.0996,0.0556,9.3277
516,603039,泛微网络,0.1063,0.0307,1.1995,0.0585,6.601
517,002226,江南化工,0.106,0.0107,1.0475,0.0213,7.0816
518,000767,漳泽电力,0.105,0.0115,2.7505,0.0138,2.873
519,002219,恒康医疗,0.1044,0.0193,1.8382,0.0346,4.8331
520,600858,银座股份,0.1043,0.0568,12.3016,0.0772,8.2267
521,300435,中泰股份,0.104,0.0195,0.6962,0.044,4.7674
522,600691,阳煤化工,0.1039,0.0226,7.2984,0.0262,2.9919
523,002372,伟星新材,0.1039,0.0494,0.5076,0.2155,22.103
524,600173,卧龙地产,0.1038,0.0242,0.6416,0.038,4.5229
525,002297,博云新材,0.1035,0.0129,3.5676,0.0422,4.6021
526,600746,江苏索普,0.1035,0.0467,,0.2077,21.6134
527,300495,美尚生态,0.1034,0.0152,0.7496,0.0263,3.1569
528,002384,东山精密,0.1034,0.0296,2.856,0.0436,4.6927
529,002795,永和智控,0.1031,0.0442,1.0479,0.2114,22.6953
530,002318,久立特材,0.101,0.0398,1.4672,0.1013,19.9246
531,002606,大连电瓷,0.101,0.0237,8.9778,0.0692,8.792
532,603015,弘讯科技,0.1006,0.0257,0.8824,0.1063,11.4175
533,300570,太辰光,0.1006,0.0218,0.4882,0.121,13.2445
534,002328,新朋股份,0.1003,0.0493,1.9477,0.173,18.0087
535,600193,*ST创兴,0.1003,0.0095,2.5027,0.0263,2.6263
536,002497,雅化集团,0.1001,0.0288,0.7681,0.0802,10.8587
537,002757,南兴装备,0.1001,0.0295,0.7068,0.1576,19.6975
538,000900,现代投资,0.0997,0.0184,0.8954,0.0296,6.7833
539,002136,安纳达,0.0996,0.0597,1.1555,0.2144,22.4306
540,002683,宏大爆破,0.0994,0.0282,1.6053,0.0568,7.4964
541,600409,三友化工,0.0991,0.0395,0.7996,0.0719,9.977
542,603299,井神股份,0.0988,0.0295,1.4468,0.056,6.3613
543,002083,孚日股份,0.0984,0.0347,1.3063,0.0624,7.8158
544,600246,万通地产,0.0983,0.016,0.5751,0.0359,4.8112
545,002442,龙星化工,0.0982,0.0502,2.2736,0.0862,9.0306
546,002585,双星新材,0.0981,0.018,1.0833,0.0908,15.8874
547,002097,山河智能,0.0981,0.0203,0.8443,0.0316,4.5909
548,002896,中大力德,0.0979,0.0314,0.7568,0.0865,8.7586
549,603848,好太太,0.0974,0.0398,0.5007,0.2141,21.4122
550,603239,浙江仙通,0.0965,0.0326,0.4166,0.1948,19.5633
551,600581,八一钢铁,0.0964,0.0412,3.6725,0.0506,5.0603
552,600810,神马股份,0.0964,0.0508,0.9734,0.0757,8.4707
553,000961,中南建设,0.0954,0.0077,1.4331,0.0086,1.1446
554,600502,安徽水利,0.0952,0.0227,5.1437,0.0264,3.5149
555,300485,赛升药业,0.0951,0.0217,0.4132,0.4886,48.8755
556,000778,新兴铸管,0.095,0.0383,1.661,0.0667,8.1445
557,002721,金一文化,0.0949,0.0469,8.1558,0.0691,7.8492
558,002593,日上集团,0.0938,0.0338,3.357,0.0623,6.297
559,600141,兴发集团,0.0937,0.0344,2.0932,0.0523,7.1658
560,002394,联发股份,0.0937,0.0485,1.4993,0.1781,18.5832
561,603919,金徽酒,0.0936,0.0295,0.4717,0.1188,16.9627
562,002262,恩华药业,0.0935,0.048,0.6763,0.1803,20.072
563,002252,上海莱士,0.0921,0.0066,,0.0482,13.3679
564,603026,石大胜华,0.0919,0.0874,1.8994,0.208,22.4103
565,002830,名雕股份,0.0919,0.0263,2.7153,0.0581,5.8112
566,002107,沃华医药,0.0916,0.0354,0.7604,0.1444,15.18
567,601689,拓普集团,0.0909,0.0256,0.6398,0.0701,7.7613
568,002892,科力尔,0.0906,0.0405,1.0776,0.2272,23.2438
569,002463,沪电股份,0.0904,0.0361,1.1331,0.0866,11.3903
570,002907,华森制药,0.0892,0.0322,0.5058,0.1401,14.7596
571,002745,木林森,0.0891,0.02,1.2832,0.028,3.7054
572,601100,恒立液压,0.0889,0.0283,0.414,0.0738,9.5027
573,603056,德邦股份,0.0889,0.112,2.9553,0.2032,20.9251
574,002223,鱼跃医疗,0.0888,0.0297,0.4054,0.1441,17.3215
575,600675,中华企业,0.0884,0.0127,0.631,0.0164,2.3179
576,603380,易德龙,0.0882,0.0408,0.7486,0.1656,16.8756
577,601877,正泰电器,0.088,0.0223,0.5651,0.04,6.4559
578,002800,天顺股份,0.0879,0.033,40.5385,0.066,7.7716
579,002450,康得新,0.0878,0.0173,0.4197,0.0372,5.1515
580,600328,兰太实业,0.0876,0.024,0.5497,0.0396,4.5148
581,300017,网宿科技,0.0872,0.024,0.5992,0.0943,11.9678
582,600782,新钢股份,0.0854,0.0645,0.994,0.1223,13.7048
583,603920,世运电路,0.0854,0.0268,0.8873,0.1113,11.3626
584,002127,南极电商,0.085,0.0257,0.3586,0.1243,12.4472
585,603086,先达股份,0.0845,0.0465,0.5736,0.2481,26.5238
586,002125,湘潭电化,0.0842,0.0127,1.1071,0.0215,2.943
587,603338,浙江鼎力,0.0841,0.0209,0.3219,0.0809,9.8038
588,300723,一品红,0.0837,0.0371,0.8413,0.1154,22.3763
589,002129,中环股份,0.0836,0.0156,1.5418,0.028,5.109
590,300681,英搏尔,0.0832,0.0278,0.6214,0.0946,12.7236
591,603499,翔港科技,0.0831,0.0211,0.5786,0.0782,9.451
592,603607,京华激光,0.083,0.0256,0.5119,0.1668,16.7127
593,002189,利达光电,0.0828,0.0404,1.7534,0.1093,11.3938
594,002655,共达电声,0.0823,0.0292,,0.0524,5.4324
595,601600,中国铝业,0.0822,0.0329,4.9551,0.0494,8.233
596,600272,开开实业,0.0818,0.0353,1.7001,0.0699,12.921
597,603309,维力医疗,0.0817,0.0241,1.2109,0.1499,20.2611
598,300538,同益股份,0.0816,0.0819,3.0741,0.2627,26.2732
599,300452,山河药辅,0.0815,0.026,0.4697,0.1142,13.9226
600,600456,宝钛股份,0.0814,0.0181,3.2691,0.0383,5.839
601,000629,攀钢钒钛,0.0814,0.0553,0.4639,0.1294,15.3488
602,000895,双汇发展,0.0812,0.0891,0.7804,0.2658,27.376
603,002084,海鸥住工,0.0811,0.0331,2.0511,0.095,10.2467
604,600688,上海石化,0.081,0.0923,1.1971,0.2501,25.2332
605,600332,白云山,0.081,0.025,0.4523,0.0461,4.9404
606,002864,盘龙药业,0.0807,0.0212,0.5608,0.0779,8.5046
607,300632,光莆股份,0.0804,0.0265,0.6626,0.0731,7.4048
608,300535,达威股份,0.0803,0.0172,0.6576,0.1267,13.3749
609,300501,海顺新材,0.0801,0.0257,0.5152,0.1751,18.825
610,300390,天华超净,0.0798,0.0297,1.3479,0.1888,19.5882
611,002688,金河生物,0.0794,0.0184,0.6185,0.0416,6.2619
612,601086,国芳集团,0.0792,0.0472,1.4125,0.1547,19.2465
613,002897,意华股份,0.0792,0.0323,1.4286,0.1105,11.1505
614,002448,中原内配,0.0792,0.016,0.5062,0.0437,9.0163
615,300308,中际旭创,0.0786,0.0273,0.7005,0.0588,7.8528
616,002733,雄韬股份,0.0784,0.0289,5.9204,0.0593,6.084
617,600936,广西广电,0.0782,0.0106,1.0376,0.0194,2.9077
618,601137,博威合金,0.0781,0.04,1.342,0.1057,12.2189
619,002581,未名医药,0.0779,0.0053,5.9741,0.0166,4.1182
620,300236,上海新阳,0.0778,0.0134,,0.1005,10.4982
621,300584,海辰药业,0.0778,0.0365,0.6525,0.1403,14.7797
622,603558,健盛集团,0.0776,0.0169,0.5308,0.0924,9.9703
623,000715,中兴商业,0.0773,0.0448,2.4726,0.1111,15.2666
624,002601,龙蟒佰利,0.0771,0.0184,0.2958,0.0489,5.4095
625,300239,东宝生物,0.0771,0.0165,1.0574,0.0519,6.0483
626,300633,开立医疗,0.0769,0.0282,0.3526,0.1338,15.8117
627,002080,中材科技,0.0762,0.0153,0.8702,0.0273,3.776
628,300697,电工合金,0.0762,0.0464,1.4606,0.1359,13.5878
629,002043,兔宝宝,0.0761,0.0496,0.7641,0.1216,12.4589
630,603689,皖天然气,0.0756,0.0371,1.4642,0.1191,20.278
631,600282,南钢股份,0.0752,0.0398,0.5887,0.071,7.4565
632,000970,中科三环,0.075,0.0244,1.0429,0.1528,16.2724
633,600535,天士力,0.0749,0.0273,0.6748,0.0466,6.8025
634,601138,工业富联,0.0748,0.0645,2.1833,0.0961,9.6263
635,600396,金山股份,0.0747,0.0127,,0.015,2.4431
636,002484,江海股份,0.0743,0.0172,0.5815,0.1038,11.086
637,603809,豪能股份,0.0737,0.0151,0.374,0.0512,6.9221
638,600096,云天化,0.0733,0.0265,12.683,0.0291,3.3853
639,002068,黑猫股份,0.0733,0.0376,0.9014,0.0687,7.0553
640,600696,ST岩石,0.0733,0.0066,0.3398,0.0115,1.1866
641,300661,圣邦股份,0.0723,0.0203,0.5019,0.0895,10.6039
642,600183,生益科技,0.0722,0.0339,0.7434,0.0695,11.0785
643,300131,英唐智控,0.072,0.0604,2.9652,0.0869,10.1634
644,600847,万里股份,0.0719,0.0224,7.4965,0.1198,12.1887
645,600572,康恩贝,0.0717,0.0246,0.4662,0.0547,7.4131
646,002436,兴森科技,0.0712,0.0259,1.0851,0.0571,8.0698
647,002923,润都股份,0.0711,0.0332,0.6495,0.1655,30.4933
648,300602,飞荣达,0.0711,0.0252,0.5471,0.0758,12.8678
649,600423,*ST柳化,0.0711,0.0248,,0.0249,3.0578
650,300335,迪森股份,0.071,0.0174,0.4917,0.0319,3.5275
651,300553,集智股份,0.0709,0.0138,0.5092,0.1392,13.9228
652,000695,滨海能源,0.0704,0.0258,,0.0357,4.0216
653,002536,西泵股份,0.0703,0.03,0.7799,0.0784,8.2789
654,300373,扬杰科技,0.0703,0.0177,0.3892,0.0578,5.9992
655,600076,康欣新材,0.0701,0.0166,0.3257,0.0522,6.0248
656,603638,艾迪精密,0.0698,0.0257,0.2881,0.0786,8.3058
657,000963,华东医药,0.0698,0.0626,0.7847,0.1399,16.2514
658,002603,以岭药业,0.0697,0.0226,0.4224,0.2207,27.5136
659,600547,山东黄金,0.0693,0.0422,2.7617,0.0721,13.1275
660,002610,爱康科技,0.0691,0.0102,2.4018,0.0158,2.6984
661,603038,华立股份,0.069,0.019,0.6148,0.1064,12.9663
662,300731,科创新源,0.0689,0.0178,0.3723,0.1525,17.0476
663,603348,文灿股份,0.0688,0.0176,0.8768,0.0516,8.303
664,002796,世嘉科技,0.0688,0.0203,2.5515,0.0561,5.6996
665,000510,金路集团,0.0687,0.0444,0.922,0.1116,11.7369
666,600127,金健米业,0.0687,0.0486,20.0279,0.0829,9.4496
667,002317,众生药业,0.0686,0.0168,0.2996,0.0803,12.5715
668,600329,中新药业,0.0685,0.0304,0.6763,0.0938,9.9767
669,000050,深天马A,0.0684,0.0161,1.1381,0.0284,4.8756
670,000661,长春高新,0.0678,0.0231,0.2341,0.0775,8.3356
671,300294,博雅生物,0.0677,0.0144,0.3716,0.0471,7.8436
672,601058,赛轮金宇,0.0671,0.0296,1.3514,0.0507,5.6237
673,600580,卧龙电气,0.0666,0.02,1.2211,0.0305,4.3445
674,002237,恒邦股份,0.0661,0.051,3.0884,0.0758,7.8721
675,002249,大洋电机,0.066,0.0167,2.3597,0.0381,5.1929
676,002310,东方园林,0.066,0.0106,0.6436,0.0151,1.6827
677,603298,杭叉集团,0.0654,0.0509,0.8471,0.1718,17.6084
678,002119,康强电子,0.065,0.0285,1.0423,0.0562,5.9
679,600961,株冶集团,0.065,0.0799,,0.0858,9.6112
680,000782,美达股份,0.0649,0.0444,4.7755,0.0815,9.5611
681,603225,新凤鸣,0.0649,0.0626,1.1521,0.1277,19.9653
682,603516,淳中科技,0.0649,0.0118,0.1985,0.2876,30.4983
683,603398,邦宝益智,0.0644,0.0136,0.6219,0.1161,12.2628
684,300303,聚飞光电,0.0641,0.0212,0.8784,0.0469,4.9889
685,002134,天津普林,0.0641,0.0209,,0.0665,7.1584
686,300175,朗源股份,0.064,0.0115,1.3072,0.0992,12.278
687,300333,兆日科技,0.0636,0.008,0.319,0.3029,30.2865
688,600299,安迪苏,0.0634,0.018,0.5715,0.1007,16.6363
689,002186,全聚德,0.0632,0.0277,0.6584,0.1393,14.3456
690,600114,东睦股份,0.0629,0.0188,0.3009,0.1084,11.9981
691,600346,恒力股份,0.0629,0.0177,0.8742,0.0253,5.0948
692,601699,潞安环能,0.0629,0.0107,0.5161,0.0163,2.1925
693,300272,开能健康,0.0627,0.0182,0.0883,0.0789,8.734
694,002276,万马股份,0.0625,0.0337,6.9493,0.0694,8.0643
695,002838,道恩股份,0.0623,0.0302,0.5959,0.1478,17.5987
696,002327,富安娜,0.0622,0.0168,0.3856,0.0664,6.7587
697,002595,豪迈科技,0.0621,0.0197,0.3043,0.0717,7.3565
698,600829,人民同泰,0.0619,0.0521,1.594,0.0808,8.5597
699,000960,锡业股份,0.0619,0.036,2.0995,0.0575,8.1292
700,002177,御银股份,0.0619,0.0075,3.2729,0.0533,5.8905
701,000546,金圆股份,0.0616,0.0271,1.0403,0.0542,6.9705
702,000718,苏宁环球,0.0615,0.005,0.2357,0.0094,0.9787
703,002242,九阳股份,0.0614,0.0448,0.6012,0.1408,14.1248
704,002870,香山股份,0.0613,0.019,1.9119,0.0497,5.0021
705,603567,珍宝岛,0.0612,0.0108,0.3106,0.0327,3.488
706,002162,悦心健康,0.0609,0.0119,3.3327,0.0202,2.6107
707,002478,常宝股份,0.0606,0.0239,0.6674,0.0734,7.6636
708,002832,比音勒芬,0.0606,0.0227,0.3345,0.1195,11.9892
709,000635,英力特,0.0605,0.0172,0.7079,0.1329,13.9738
710,002652,扬子新材,0.0604,0.0278,1.3031,0.0412,5.9254
711,603669,灵康药业,0.0603,0.029,0.7118,0.1138,15.3285
712,002380,科远股份,0.0603,0.0063,0.2772,0.0451,4.7721
713,002243,通产丽星,0.0603,0.0201,1.1306,0.1269,15.0075
714,600197,伊力特,0.0601,0.02,0.2745,0.11,11.2612
715,300677,英科医疗,0.06,0.0289,0.7589,0.0791,8.6523
716,000551,创元科技,0.0597,0.0217,0.9685,0.0442,4.822
717,601366,利群股份,0.0594,0.0407,1.1885,0.0938,9.7251
718,000708,大冶特钢,0.0592,0.0494,1.4256,0.1128,11.7593
719,600686,金龙汽车,0.0591,0.0199,5.3587,0.0252,2.8203
720,002363,隆基机械,0.0589,0.0173,1.1183,0.0611,6.1714
721,600408,*ST安泰,0.0586,0.0441,0.4382,0.0582,7.9551
722,603936,博敏电子,0.0584,0.0219,1.1379,0.038,4.0769
723,000962,东方钽业,0.058,0.0149,,0.0325,3.5033
724,300673,佩蒂股份,0.0578,0.0219,0.3337,0.1475,14.7476
725,600216,浙江医药,0.0577,0.0193,0.4248,0.101,11.4321
726,600860,京城股份,0.0577,0.0139,,0.0279,3.3298
727,300721,怡达股份,0.0575,0.0255,1.4308,0.084,8.7101
728,300381,溢多利,0.0571,0.0107,1.0076,0.0217,2.9105
729,002871,伟隆股份,0.057,0.0117,0.268,0.0607,6.4156
730,002273,水晶光电,0.057,0.0096,0.1982,0.0322,9.0163
731,002106,莱宝高科,0.0568,0.0234,1.9384,0.1039,12.7195
732,600189,吉林森工,0.0566,0.0058,0.9813,0.0111,1.5396
733,300055,万邦达,0.0566,0.0047,0.2329,0.0208,2.3475
734,600231,凌钢股份,0.0563,0.0377,0.7588,0.0703,8.6035
735,600307,酒钢宏兴,0.0562,0.033,2.1891,0.0448,4.9688
736,002307,北新路桥,0.0557,0.0075,19.3845,0.009,1.4122
737,002702,海欣食品,0.0557,0.0268,2.4421,0.1496,15.3271
738,002203,海亮股份,0.0556,0.0628,2.0011,0.0948,10.5604
739,002590,万安科技,0.0555,0.0175,0.9791,0.036,3.7239
740,002801,微光股份,0.0553,0.0154,0.315,0.0778,7.9858
741,603766,隆鑫通用,0.0551,0.0254,0.6187,0.0679,7.3334
742,000902,新洋丰,0.0549,0.0377,0.556,0.1555,16.4978
743,601952,苏垦农发,0.0546,0.0167,0.3746,0.0809,9.9021
744,600438,通威股份,0.0546,0.0215,0.7301,0.0388,4.8529
745,000819,岳阳兴长,0.0545,0.0628,2.405,0.4069,40.6908
746,603882,金域医学,0.0545,0.0312,1.0956,0.0607,9.3127
747,002471,中超控股,0.0543,0.0218,2.1939,0.0302,3.2422
748,000937,冀中能源,0.0541,0.0127,0.8333,0.0239,3.9881
749,600513,联环药业,0.054,0.0215,0.6468,0.0923,11.0676
750,600765,中航重机,0.0539,0.0109,3.7956,0.0161,1.8681
751,300554,三超新材,0.0538,0.0171,0.1793,0.0745,8.0946
752,002352,顺丰控股,0.0537,0.0387,1.0331,0.091,10.4911
753,002468,申通快递,0.0537,0.0391,0.4099,0.2048,20.8143
754,600706,曲江文旅,0.0536,0.0168,0.4746,0.0341,5.4189
755,600298,安琪酵母,0.0533,0.0209,0.3411,0.0416,5.0555
756,002761,多喜爱,0.0529,0.0215,0.5888,0.0818,10.4159
757,002453,华软科技,0.0529,0.0134,2.2141,0.021,2.2017
758,002793,东音股份,0.0526,0.0247,0.4521,0.1247,14.4152
759,603367,辰欣药业,0.0526,0.0201,0.4201,0.0967,10.6579
760,000759,中百集团,0.0524,0.0512,0.8864,0.0942,9.4394
761,002576,通达动力,0.052,0.0258,4.5861,0.116,11.9056
762,300296,利亚德,0.0516,0.0151,0.3178,0.0365,4.8012
763,000859,国风塑业,0.0509,0.0137,0.7978,0.0535,9.1456
764,002697,红旗连锁,0.0509,0.0417,1.1922,0.0933,9.325
765,600699,均胜电子,0.0509,0.023,1.2199,0.0355,6.9322
766,000756,新华制药,0.0507,0.024,1.0186,0.0455,6.4355
767,600725,ST云维,0.0506,0.0798,1.8794,0.4807,137.8639
768,000723,美锦能源,0.0503,0.0232,0.5422,0.059,7.2943
769,002105,信隆健康,0.0502,0.0233,,0.0373,4.0475
770,002288,超华科技,0.0501,0.012,0.9905,0.0292,3.2483
771,002148,北纬科技,0.0499,0.005,0.2373,0.0746,8.2802
772,002406,远东传动,0.0495,0.016,0.3477,0.1025,10.4963
773,300655,晶瑞股份,0.0494,0.0161,0.7412,0.0313,4.4238
774,000037,深南电A,0.0487,0.0161,1.8242,0.0434,4.7011
775,603331,百达精工,0.0486,0.0185,0.4795,0.0525,5.4129
776,000968,蓝焰控股,0.0486,0.0065,0.1499,0.0125,2.3974
777,000985,大庆华科,0.0485,0.064,,0.252,34.3864
778,600138,中青旅,0.0476,0.02,0.4494,0.0488,5.4284
779,002182,云海金属,0.0475,0.0297,0.7959,0.0515,5.486
780,002648,卫星石化,0.0471,0.0183,0.6353,0.0545,5.54
781,000933,神火股份,0.0471,0.0081,1.3928,0.0096,1.1034
782,603519,立霸股份,0.047,0.035,0.6689,0.2545,25.5815
783,002479,富春环保,0.0469,0.011,0.4603,0.0348,3.6146
784,600681,百川能源,0.0469,0.0161,0.2125,0.0404,5.905
785,300639,凯普生物,0.0467,0.0098,0.2677,0.1203,13.884
786,002283,天润曲轴,0.0465,0.0127,0.5139,0.033,3.4856
787,600022,山东钢铁,0.0461,0.0175,0.6628,0.0312,3.5401
788,002547,春兴精工,0.046,0.0123,2.3137,0.0185,1.8692
789,600420,现代制药,0.0459,0.0164,0.4672,0.0323,4.3889
790,600201,生物股份,0.0458,0.0058,0.0968,0.0304,3.515
791,603988,中电电机,0.0458,0.0102,0.3483,0.0378,3.7819
792,002825,纳尔股份,0.0455,0.0212,0.5947,0.0798,7.9835
793,002922,伊戈尔,0.0453,0.0179,1.2854,0.0601,6.1897
794,300257,开山股份,0.0448,0.0086,1.182,0.0163,2.5346
795,600380,健康元,0.0446,0.0121,0.3031,0.0337,4.2958
796,002776,柏堡龙,0.0445,0.0072,0.2671,0.0338,3.5898
797,603588,高能环境,0.0444,0.0084,0.3229,0.0136,1.6059
798,002579,中京电子,0.0444,0.0119,0.6811,0.0211,2.5884
799,603606,东方电缆,0.0441,0.0189,1.0879,0.0375,3.8312
800,002014,永新股份,0.0439,0.0206,0.4912,0.0938,10.6728
801,002254,泰和新材,0.0433,0.0116,0.431,0.0314,3.2638
802,603899,晨光文具,0.0433,0.0356,0.4371,0.1056,11.106
803,002282,博深工具,0.0431,0.0087,0.4543,0.0428,4.4236
804,603010,万盛股份,0.0427,0.0142,0.5784,0.0334,4.4024
805,002173,创新医疗,0.0426,0.0044,0.2386,0.0192,2.2601
806,300120,经纬辉开,0.0423,0.0147,0.7134,0.0464,5.2019
807,002817,黄山胶囊,0.0421,0.0081,0.31,0.0781,10.6672
808,300424,航新科技,0.042,0.0064,0.3976,0.0127,1.9937
809,600279,重庆港九,0.0414,0.0176,1.8112,0.04,7.2368
810,300616,尚品宅配,0.0412,0.0257,0.9563,0.0606,6.0657
811,002444,巨星科技,0.0408,0.0112,0.2789,0.0559,7.5857
812,601966,玲珑轮胎,0.0407,0.014,0.5624,0.0251,3.4231
813,601311,骆驼股份,0.0406,0.0152,0.5674,0.0326,4.7077
814,600741,华域汽车,0.0405,0.0245,0.5335,0.0394,4.3766
815,002423,中原特钢,0.0405,0.0052,,0.009,1.0101
816,600807,*ST天业,0.0403,0.0031,,0.0035,0.3798
817,603818,曲美家居,0.0401,0.0181,0.5557,0.078,8.6575
818,300233,金城医药,0.0399,0.0121,0.3813,0.0617,7.0526
819,603816,顾家家居,0.0397,0.0221,0.3189,0.052,6.4831
820,600976,健民集团,0.0396,0.0227,0.7353,0.057,5.8502
821,600785,新华百货,0.0392,0.0329,1.2296,0.058,6.5166
822,002561,徐家汇,0.0388,0.016,0.3122,0.1047,12.2394
823,603708,家家悦,0.0386,0.0358,1.2808,0.0574,6.0901
824,000931,中关村,0.0385,0.0081,0.4839,0.0168,2.0191
825,601933,永辉超市,0.038,0.041,1.752,0.1049,10.6297
826,002060,粤水电,0.0377,0.0069,1.9869,0.0082,1.4117
827,600321,*ST正源,0.0376,0.0095,3.3826,0.042,6.895
828,603238,诺邦股份,0.0364,0.011,0.4752,0.0309,4.3691
829,603032,德新交运,0.0363,0.0049,1.1493,0.0416,6.3933
830,300032,金龙机电,0.0363,0.0103,,0.028,2.8828
831,002234,民和股份,0.0361,0.0105,1.3121,0.0157,1.7788
832,002386,天原集团,0.0357,0.0222,3.4356,0.0328,3.826
833,603586,金麒麟,0.0354,0.0092,0.6695,0.0436,5.5017
834,002696,百洋股份,0.0353,0.0125,0.8079,0.04,4.1061
835,300240,飞力达,0.0352,0.0232,1.2091,0.0512,5.4004
836,601233,桐昆股份,0.0346,0.0217,0.4737,0.0426,4.8915
837,002274,华昌化工,0.0342,0.0156,1.2639,0.0261,2.9269
838,603505,金石资源,0.0336,0.0052,0.1747,0.0111,1.2746
839,300470,日机密封,0.0327,0.0081,0.1367,0.0475,5.1193
840,002574,明牌珠宝,0.0323,0.0195,1.266,0.1002,10.0161
841,000719,中原传媒,0.0321,0.0115,0.3834,0.032,3.7582
842,002505,大康农业,0.0321,0.0144,4.0735,0.0236,2.9614
843,002398,建研集团,0.032,0.0113,0.307,0.0419,4.3032
844,002050,三花智控,0.0314,0.0135,0.2558,0.0373,4.3106
845,600774,汉商集团,0.0311,0.0101,1.751,0.0171,2.1836
846,300576,容大感光,0.0309,0.0118,0.3152,0.0602,6.3381
847,002520,日发精机,0.0304,0.0065,0.3214,0.0204,2.2313
848,002564,天沃科技,0.0299,0.0045,0.7469,0.0054,0.5946
849,600729,重庆百货,0.0297,0.0417,0.7384,0.0741,7.6938
850,002878,元隆雅图,0.0291,0.0174,0.2615,0.0661,6.6806
851,600462,九有股份,0.0288,0.0113,,0.0125,1.268
852,002650,加加食品,0.0287,0.0099,0.3307,0.0474,5.2966
853,300321,同大股份,0.0285,0.0088,0.5614,0.0448,5.0434
854,002641,永高股份,0.0284,0.0134,0.7938,0.0305,3.2589
855,603667,五洲新春,0.0283,0.01,0.3177,0.0339,3.7528
856,300439,美康生物,0.0283,0.0091,0.3022,0.0175,1.8546
857,000155,川化股份,0.0281,0.0102,0.6529,0.0221,5.7909
858,600761,安徽合力,0.028,0.0188,0.3658,0.0512,5.7523
859,000735,罗牛山,0.0278,0.0017,0.0336,0.0045,0.8551
860,603357,设计总院,0.0277,0.0079,0.0935,0.0243,2.4797
861,600511,国药股份,0.0274,0.0252,0.7098,0.0483,4.9415
862,002493,荣盛石化,0.027,0.0113,0.8036,0.0187,2.2001
863,000721,西安饮食,0.0268,0.0062,,0.0155,3.1997
864,002435,长江润发,0.0263,0.0085,0.3046,0.04,4.0664
865,000989,九芝堂,0.0262,0.0083,0.1449,0.0385,4.1125
866,600740,山西焦化,0.0261,0.0048,0.1113,0.0097,1.1348
867,000676,智度股份,0.026,0.0137,0.2242,0.0583,5.8762
868,002651,利君股份,0.0258,0.003,0.0899,0.0173,1.7629
869,600367,红星发展,0.0256,0.0105,0.2556,0.0394,4.0559
870,002873,新天药业,0.0256,0.0087,0.249,0.0284,3.1458
871,603002,宏昌电子,0.0255,0.0123,0.6143,0.0334,3.6587
872,002750,龙津药业,0.0253,0.0055,0.3885,0.0335,4.1762
873,600422,昆药集团,0.0249,0.0124,0.4606,0.0284,3.789
874,600270,外运发展,0.0248,0.0077,0.128,0.0339,3.4394
875,601222,林洋能源,0.0248,0.0023,0.0995,0.0051,1.3237
876,600792,云煤能源,0.0244,0.0113,13.7979,0.0258,3.2555
877,002092,中泰化学,0.0241,0.0108,0.5179,0.0161,2.208
878,600348,阳泉煤业,0.0238,0.0094,0.4155,0.0163,1.8666
879,603787,新日股份,0.0236,0.017,0.7079,0.0307,3.1484
880,002866,传艺科技,0.0234,0.0082,0.1931,0.0421,4.2283
881,002351,漫步者,0.0231,0.005,0.248,0.0498,5.3067
882,600710,苏美达,0.023,0.0214,1.6676,0.0256,2.8329
883,300461,田中精机,0.0227,0.0058,0.165,0.0086,1.0315
884,600716,凤凰股份,0.0225,0.0018,,0.0036,1.2052
885,002165,红宝丽,0.0224,0.0087,2.6868,0.016,1.8942
886,002395,双象股份,0.0223,0.0105,0.5278,0.0345,3.5495
887,000417,合肥百货,0.0219,0.0123,0.6256,0.022,2.4307
888,002859,洁美科技,0.0219,0.0073,0.1243,0.0347,4.2704
889,002482,广田集团,0.0219,0.0076,0.4809,0.0127,1.3965
890,601177,杭齿前进,0.0218,0.0051,1.235,0.0093,1.1685
891,300197,铁汉生态,0.0218,0.0046,0.2815,0.0065,0.8565
892,600228,ST昌九,0.0217,0.02,0.6915,0.036,4.5743
893,002342,巨力索具,0.0217,0.0042,1.2741,0.0105,1.3414
894,603822,嘉澳环保,0.0215,0.0073,0.3492,0.0163,2.7166
895,603319,湘油泵,0.0214,0.0076,0.1745,0.0173,2.508
896,603601,再升科技,0.0209,0.0049,0.1538,0.0102,1.2497
897,300164,通源石油,0.0206,0.0054,0.1754,0.0199,2.7104
898,002012,凯恩股份,0.0205,0.0064,0.7,0.0255,3.018
899,600618,氯碱化工,0.0205,0.014,0.1859,0.0411,4.6119
900,002899,英派斯,0.0198,0.006,0.4039,0.027,2.7132
901,300389,艾比森,0.0193,0.0084,0.1585,0.0201,2.0108
902,600156,华升股份,0.019,0.0092,,0.0232,2.5009
903,300596,利安隆,0.0188,0.0079,0.1529,0.0191,2.138
904,603055,台华新材,0.0188,0.0076,0.1185,0.022,2.2375
905,600577,精达股份,0.0188,0.02,0.3682,0.0507,5.1183
906,002840,华统股份,0.0185,0.0243,0.5786,0.088,15.9719
907,002155,湖南黄金,0.0182,0.0178,0.8693,0.0619,9.0076
908,603186,华正新材,0.018,0.0068,0.4439,0.01,1.0923
909,002855,捷荣技术,0.0179,0.0077,0.9394,0.0161,1.7246
910,600742,一汽富维,0.0174,0.0125,0.3539,0.0297,3.2201
911,000062,深圳华强,0.0174,0.0085,0.2131,0.016,1.9624
912,300058,蓝色光标,0.0174,0.0111,0.5683,0.0178,2.3608
913,603059,倍加洁,0.0173,0.0057,0.1318,0.0257,2.6196
914,000521,长虹美菱,0.0173,0.0092,3.0276,0.013,1.3522
915,300498,温氏股份,0.0171,0.0091,0.4297,0.0284,3.9476
916,000021,深科技,0.017,0.0094,0.7833,0.0157,1.6109
917,000420,吉林化纤,0.017,0.0031,0.2725,0.0053,0.5794
918,002349,精华制药,0.0168,0.0031,0.0741,0.0164,2.807
919,600866,星湖科技,0.0167,0.0053,0.4472,0.0159,2.2864
920,300094,国联水产,0.0167,0.0086,0.2159,0.0173,2.214
921,601015,陕西黑猫,0.0166,0.0052,0.5721,0.0102,1.1622
922,600664,哈药股份,0.0166,0.0079,0.2351,0.0175,1.9465
923,002221,东华能源,0.0166,0.014,0.4859,0.0209,3.3268
924,601969,海南矿业,0.0165,0.0017,,0.0042,0.4906
925,002539,云图控股,0.0164,0.0061,0.6926,0.009,1.0133
926,600468,百利电气,0.0164,0.0041,0.257,0.0134,1.4029
927,002100,天康生物,0.0163,0.006,0.3661,0.012,1.8045
928,600644,乐山电力,0.0161,0.0054,0.2771,0.0103,1.5564
929,600865,百大集团,0.0157,0.003,0.0697,0.0225,3.2534
930,300457,赢合科技,0.0156,0.003,0.0891,0.0066,0.6909
931,300410,正业科技,0.0155,0.0033,0.0943,0.0097,1.0517
932,603129,春风动力,0.0151,0.0096,0.2509,0.0186,1.9173
933,300690,双一科技,0.0151,0.0034,0.0805,0.0285,2.8525
934,300220,金运激光,0.015,0.0044,0.1882,0.0176,1.7809
935,600327,大东方,0.0149,0.0141,0.2838,0.0361,4.2424
936,002931,锋龙股份,0.0147,0.0041,0.1129,0.0268,2.6795
937,603696,安记食品,0.0147,0.0029,0.1067,0.0515,5.1462
938,000418,小天鹅A,0.0144,0.0089,0.1726,0.0159,1.5875
939,002369,卓翼科技,0.0143,0.0057,0.6929,0.0124,1.3561
940,002891,中宠股份,0.0135,0.0072,0.2595,0.0212,2.1578
941,002168,深圳惠程,0.0133,0.0043,0.0521,0.0094,1.3243
942,000905,厦门港务,0.013,0.0109,1.6219,0.0192,2.968
943,600559,老白干酒,0.013,0.0035,0.1292,0.0068,0.7256
944,603345,安井食品,0.0128,0.0073,0.1747,0.0151,1.5691
945,002783,凯龙股份,0.0126,0.0033,0.113,0.0074,1.2814
946,000505,京粮控股,0.0126,0.0072,0.6129,0.0125,1.3178
947,603713,密尔克卫,0.0126,0.008,0.1423,0.025,2.7949
948,300012,华测检测,0.0125,0.0036,0.238,0.011,1.1726
949,002245,澳洋顺昌,0.0123,0.0033,0.0992,0.0072,0.9276
950,300014,亿纬锂能,0.0117,0.0025,0.1348,0.0039,0.5605
951,603979,金诚信,0.0115,0.0028,0.1044,0.0079,1.0246
952,603001,奥康国际,0.0114,0.0036,0.106,0.021,2.104
953,300255,常山药业,0.0112,0.0021,0.0753,0.0058,0.7362
954,002824,和胜股份,0.0112,0.0052,0.2789,0.0225,2.2772
955,600106,重庆路桥,0.0112,0.0002,0.008,0.0004,0.1231
956,300541,先进数通,0.0109,0.0042,0.3284,0.0088,0.8774
957,000028,国药一致,0.0108,0.0094,0.327,0.0167,1.7
958,600293,三峡新材,0.0108,0.0107,0.371,0.0225,2.4096
959,603515,欧普照明,0.0107,0.0057,0.1052,0.0134,1.3403
960,002055,得润电子,0.0086,0.0032,0.5829,0.0046,0.5365
961,603180,金牌厨柜,0.008,0.0033,0.0839,0.0072,0.742
962,002552,*ST宝鼎,0.008,0.0013,0.0495,0.0043,0.5781
963,601608,中信重工,0.008,0.0009,0.2021,0.0014,0.2063
964,600410,华胜天成,0.0079,0.0015,1.0459,0.003,0.324
965,300241,瑞丰光电,0.0074,0.0023,0.0812,0.0052,0.6246
966,603738,泰晶科技,0.0073,0.0019,0.0726,0.0044,0.6382
967,002456,欧菲科技,0.0071,0.0033,0.1739,0.0044,0.5836
968,002321,华英农业,0.0071,0.0023,0.2127,0.0035,0.432
969,300604,长川科技,0.0067,0.0013,0.0311,0.0046,0.4633
970,002631,德尔未来,0.0066,0.0022,0.0672,0.0087,0.8795
971,601003,柳钢股份,0.0065,0.006,0.0716,0.0089,0.949
972,002632,道明光学,0.0063,0.0016,0.0328,0.011,1.2258
973,603138,海量数据,0.0063,0.0026,0.0691,0.0074,1.0966
974,002438,江苏神通,0.0058,0.001,0.0734,0.0023,0.248
975,000407,胜利股份,0.0058,0.0021,0.11,0.0039,0.4683
976,002703,浙江世宝,0.0053,0.0015,,0.0046,0.5058
977,603330,上海天洋,0.0045,0.0013,0.0598,0.0043,0.6274
978,002715,登云股份,0.0044,0.0011,0.1478,0.0038,0.3878
979,002731,萃华珠宝,0.0041,0.0018,0.1378,0.0032,0.3206
980,002021,中捷资源,0.004,0.0014,0.0836,0.0034,0.3531
981,000059,华锦股份,0.0039,0.0022,0.0816,0.0042,0.4528
982,601231,环旭电子,0.0039,0.0031,0.1265,0.0065,0.6604
983,000980,众泰汽车,0.0039,0.0013,0.1311,0.0027,0.2993
984,002003,伟星股份,0.0037,0.0015,0.026,0.0054,0.5551
985,000818,航锦科技,0.0035,0.0016,0.0254,0.0051,0.5258
986,002011,盾安环境,0.0029,0.0011,0.4449,0.0016,0.1914
987,603960,克来机电,0.0023,0.0007,0.0165,0.0018,0.1878
988,603707,健友股份,0.0022,0.0007,0.0083,0.0028,0.2989
989,603589,口子窖,0.0022,0.0006,0.0066,0.0021,0.2178
990,300624,万兴科技,0.002,0.0008,0.0109,0.0117,1.1861
991,600129,太极集团,0.0018,0.0008,0.1452,0.001,0.1354
992,002042,华孚时尚,0.0016,0.0006,0.0187,0.0012,0.1206
993,000637,茂化实华,0.0016,0.0023,0.1054,0.0089,1.0252
994,002210,飞马国际,0.0012,0.0017,0.2918,0.0021,0.2484
995,603598,引力传媒,0.0011,0.0009,0.046,0.0012,0.1438
996,002667,鞍重股份,0.0007,0.0001,0.0046,0.0005,0.0592
997,002915,中欣氟材,0.0006,0.0002,0.008,0.0007,0.0688
998,002198,嘉应制药,0.0,0.0,0.0,0.0,-0.0001
999,002514,宝馨科技,-0.0001,0.0,-0.0011,-0.0001,-0.007
1000,600778,*ST友好,-0.0004,-0.0002,-0.0188,-0.0003,-0.0392
1001,002150,通润装备,-0.0005,-0.0002,-0.0055,-0.0011,-0.1126
1002,002264,新华都,-0.0006,-0.0006,-7.5006,-0.0011,-0.1066
1003,002376,新北洋,-0.0007,-0.0002,-0.0041,-0.0006,-0.0635
1004,600249,两面针,-0.001,-0.0002,,-0.0006,-0.0791
1005,300034,钢研高纳,-0.0011,-0.0002,-0.0075,-0.0009,-0.1115
1006,002563,森马服饰,-0.0015,-0.0006,-0.0126,-0.0027,-0.3087
1007,300243,瑞丰高材,-0.002,-0.0015,-0.0276,-0.0034,-0.3526
1008,002809,红墙股份,-0.0025,-0.0007,-0.0258,-0.002,-0.1991
1009,603889,新澳股份,-0.0027,-0.0014,-0.0316,-0.008,-0.8005
1010,002617,露笑科技,-0.003,-0.0009,-0.0414,-0.0015,-0.1639
1011,603031,安德利,-0.0031,-0.0019,-0.2469,-0.0032,-0.3264
1012,600794,保税科技,-0.0032,-0.0009,-0.0913,-0.0028,-0.5186
1013,603313,梦百合,-0.0034,-0.0019,-0.1029,-0.0059,-0.6037
1014,002341,新纶科技,-0.0034,-0.0005,-0.0328,-0.0012,-0.1586
1015,002644,佛慈制药,-0.0039,-0.0005,-0.0249,-0.0011,-0.3317
1016,000513,丽珠集团,-0.004,-0.0012,-0.0269,-0.004,-0.4185
1017,002324,普利特,-0.0041,-0.0018,-0.0821,-0.0044,-0.4634
1018,002756,永兴特钢,-0.0047,-0.0027,-0.051,-0.0119,-1.3262
1019,000570,苏常柴A,-0.0047,-0.0015,-0.2966,-0.0036,-0.4007
1020,002341,新纶科技,-0.0034,-0.0005,-0.0328,-0.0012,-0.1586
1021,002644,佛慈制药,-0.0039,-0.0005,-0.0249,-0.0011,-0.3317
1022,000513,丽珠集团,-0.004,-0.0012,-0.0269,-0.004,-0.4185
1023,002324,普利特,-0.0041,-0.0018,-0.0821,-0.0044,-0.4634
1024,000570,苏常柴A,-0.0047,-0.0015,-0.2966,-0.0036,-0.4007
1025,002756,永兴特钢,-0.0047,-0.0027,-0.051,-0.0119,-1.3262
1026,300505,川金诺,-0.0048,-0.002,-0.0738,-0.0065,-0.6475
1027,600458,时代新材,-0.0049,-0.0019,-0.3523,-0.0029,-0.406
1028,002537,海联金汇,-0.0052,-0.0011,-0.0659,-0.0027,-0.2766
1029,603916,苏博特,-0.0058,-0.0019,-0.0316,-0.0061,-0.6543
1030,000049,德赛电池,-0.0063,-0.0061,-0.2367,-0.0087,-0.8659
1031,600310,桂东电力,-0.0066,-0.0031,-1.7349,-0.0038,-0.4841
1032,603966,法兰泰克,-0.0068,-0.0017,-0.0829,-0.0047,-0.517
1033,000906,浙商中拓,-0.007,-0.0168,-1.5657,-0.0217,-2.3144
1034,603630,拉芳家化,-0.007,-0.0016,-0.0369,-0.0172,-1.8422
1035,600460,士兰微,-0.0073,-0.0014,-0.2104,-0.0029,-0.4349
1036,300122,智飞生物,-0.0075,-0.0028,-0.0227,-0.0075,-0.7833
1037,600059,古越龙山,-0.0076,-0.0017,-0.0712,-0.0197,-1.9996
1038,300298,三诺生物,-0.008,-0.002,-0.0361,-0.0104,-1.1399
1039,600667,太极实业,-0.0082,-0.0035,-0.245,-0.0056,-0.6899
1040,600839,四川长虹,-0.0083,-0.0047,-0.8624,-0.0069,-0.7348
1041,000822,山东海化,-0.0088,-0.0054,-0.063,-0.021,-2.8775
1042,600779,水井坊,-0.0089,-0.0038,-0.0446,-0.0077,-0.7808
1043,002402,和而泰,-0.0093,-0.0035,-0.0833,-0.0069,-0.9622
1044,300181,佐力药业,-0.0096,-0.0017,-0.0991,-0.0056,-0.7133
1045,002330,得利斯,-0.0099,-0.0058,-8.0649,-0.0303,-3.0552
1046,002637,赞宇科技,-0.0101,-0.0056,-0.336,-0.01,-1.1476
1047,600973,宝胜股份,-0.0102,-0.0089,-1.9434,-0.0121,-1.2936
1048,002584,西陇科学,-0.0106,-0.006,-0.4496,-0.0145,-1.8207
1049,603486,科沃斯,-0.0107,-0.0071,-0.1304,-0.0171,-1.7192
1050,002879,长缆科技,-0.0107,-0.0019,-0.0457,-0.0114,-1.3935
1051,002121,科陆电子,-0.0114,-0.0014,-0.3201,-0.0019,-0.3027
1052,002875,安奈儿,-0.0115,-0.0059,-0.1185,-0.0228,-2.2876
1053,002851,麦格米特,-0.0115,-0.0045,-0.1168,-0.0103,-1.0774
1054,002187,广百股份,-0.0116,-0.0108,-0.411,-0.0304,-3.1541
1055,002630,华西能源,-0.0118,-0.0017,-0.3141,-0.0022,-0.317
1056,603303,得邦照明,-0.012,-0.0063,-0.2011,-0.0203,-2.0279
1057,603528,多伦科技,-0.012,-0.0017,-0.0444,-0.0057,-0.5798
1058,600588,用友网络,-0.0121,-0.0026,-0.1615,-0.0051,-0.5332
1059,300523,辰安科技,-0.0122,-0.0025,-0.0556,-0.0082,-0.958
1060,300088,长信科技,-0.0132,-0.0064,-0.1562,-0.0127,-1.38
1061,300226,上海钢联,-0.0132,-0.0626,-6.2468,-0.0829,-8.3255
1062,603128,华贸物流,-0.0132,-0.0104,-0.3012,-0.0361,-3.8156
1063,002810,山东赫达,-0.0133,-0.0042,-0.1673,-0.0091,-1.3404
1064,600392,盛和资源,-0.0133,-0.005,-0.2399,-0.0126,-1.6405
1065,002079,苏州固锝,-0.0135,-0.0064,-0.2161,-0.0417,-4.4279
1066,000042,中洲控股,-0.0139,-0.0019,-0.1167,-0.0023,-0.2972
1067,002239,奥特佳,-0.0141,-0.0036,-0.1351,-0.0091,-1.0482
1068,002460,赣锋锂业,-0.0142,-0.0038,-0.0395,-0.0079,-1.2123
1069,300423,鲁亿通,-0.0144,-0.0037,-0.0882,-0.008,-0.8023
1070,300092,科新机电,-0.0145,-0.0045,-0.5082,-0.0179,-1.8361
1071,002108,沧州明珠,-0.0152,-0.005,-0.1846,-0.0162,-1.7419
1072,300650,太龙照明,-0.0153,-0.0041,-0.1285,-0.0144,-2.1609
1073,002293,罗莱生活,-0.0155,-0.0068,-0.151,-0.0235,-2.5881
1074,603289,泰瑞机器,-0.0156,-0.0049,-0.1445,-0.0167,-1.6879
1075,002918,蒙娜丽莎,-0.016,-0.0058,-0.1693,-0.0145,-1.5285
1076,601700,风范股份,-0.0162,-0.0044,-0.6172,-0.0132,-1.3474
1077,002722,金轮股份,-0.0165,-0.0069,-0.3327,-0.0189,-1.9204
1078,000566,海南海药,-0.0166,-0.0019,-0.1337,-0.0037,-0.6969
1079,000536,华映科技,-0.0166,-0.0016,,-0.0034,-0.4608
1080,000566,海南海药,-0.0166,-0.0019,-0.1337,-0.0037,-0.6969
1081,300727,润禾材料,-0.0167,-0.0074,-0.1769,-0.0229,-2.2923
1082,002216,三全食品,-0.0183,-0.0156,-0.6859,-0.0365,-4.1989
1083,300385,雪浪环境,-0.0185,-0.0032,-0.1938,-0.007,-0.7242
1084,603648,畅联股份,-0.0185,-0.0059,-0.1274,-0.0376,-3.924
1085,300428,四通新材,-0.0186,-0.0114,-0.2849,-0.0405,-4.3512
1086,002377,国创高新,-0.0187,-0.0059,-0.276,-0.0262,-2.6485
1087,600678,四川金顶,-0.0189,-0.0063,-0.1913,-0.007,-7.0084
1088,600148,长春一东,-0.0193,-0.0088,-0.2788,-0.0166,-2.0563
1089,603416,信捷电气,-0.02,-0.0046,-0.0838,-0.0218,-2.3065
1090,000006,深振业A,-0.0201,-0.0018,-0.0473,-0.0034,-0.4739
1091,002171,楚江新材,-0.0205,-0.0267,-0.6192,-0.0918,-9.5911
1092,002711,欧浦智网,-0.0206,-0.0149,-0.2842,-0.0304,-3.1635
1093,300430,诚益通,-0.0206,-0.0034,-0.137,-0.0177,-1.8339
1094,300184,力源信息,-0.0211,-0.0172,-0.5029,-0.0571,-5.7418
1095,002598,山东章鼓,-0.0212,-0.0079,-0.2404,-0.0258,-2.7494
1096,000702,正虹科技,-0.0212,-0.0162,-0.4258,-0.0499,-5.3317
1097,300436,广生堂,-0.0217,-0.0041,-0.8123,-0.0111,-1.3707
1098,600222,太龙药业,-0.0217,-0.0046,-4.9243,-0.0101,-1.871
1099,000055,方大集团,-0.0218,-0.004,-0.1366,-0.0068,-1.0653
1100,600135,乐凯胶片,-0.0221,-0.0091,-0.7333,-0.0358,-3.7355
1101,600186,莲花健康,-0.0221,-0.0098,,-0.009,-0.919
1102,601588,北辰实业,-0.0227,-0.0014,-0.1459,-0.0017,-0.264
1103,002519,银河电子,-0.0227,-0.0033,-0.228,-0.0124,-1.301
1104,600466,蓝光发展,-0.0227,-0.0015,-0.2892,-0.0019,-0.2779
1105,300019,硅宝科技,-0.023,-0.0088,-0.8308,-0.0348,-4.0376
1106,000922,*ST佳电,-0.0231,-0.007,-0.135,-0.0167,-1.8475
1107,600885,宏发股份,-0.0231,-0.0092,-0.1549,-0.0272,-2.8775
1108,300473,德尔股份,-0.0233,-0.0097,-0.4235,-0.016,-1.8275
1109,600766,园城黄金,-0.0233,-0.0008,-0.1525,-0.0012,-0.1224
1110,002790,瑞尔特,-0.0237,-0.0064,-0.1796,-0.0557,-5.7394
1111,000848,承德露露,-0.0241,-0.0132,-0.1128,-0.0797,-9.2626
1112,600446,金证股份,-0.0255,-0.0139,-1.0422,-0.0251,-2.9401
1113,300383,光环新网,-0.026,-0.0066,-0.2283,-0.0187,-4.4426
1114,002748,世龙实业,-0.0265,-0.012,-0.634,-0.0713,-8.2854
1115,603663,三祥新材,-0.0265,-0.0116,-0.1842,-0.0426,-4.6797
1116,300563,神宇股份,-0.0266,-0.008,-0.2039,-0.0359,-3.948
1117,000753,漳州发展,-0.0271,-0.0067,-0.7376,-0.0126,-1.6116
1118,002470,金正大,-0.0271,-0.0181,-0.3777,-0.048,-5.7138
1119,300454,深信服,-0.0273,-0.0082,-0.2581,-0.0318,-3.7179
1120,603757,大元泵业,-0.0274,-0.013,-0.1702,-0.0675,-7.2841
1121,000949,新乡化纤,-0.0277,-0.0084,-2.5474,-0.0169,-3.2244
1122,002170,芭田股份,-0.0277,-0.0077,-7.8659,-0.0162,-1.9314
1123,603133,碳元科技,-0.0282,-0.0066,-0.2362,-0.0438,-4.511
1124,000096,广聚能源,-0.0284,-0.0088,-0.2813,-0.1354,-15.6088
1125,000801,四川九洲,-0.0285,-0.0092,-3.6702,-0.0173,-1.8705
1126,603538,美诺华,-0.0286,-0.0049,-0.2069,-0.0141,-1.4854
1127,002378,章源钨业,-0.0287,-0.0075,-1.432,-0.0168,-1.7921
1128,300305,裕兴股份,-0.0288,-0.006,-0.2613,-0.0776,-9.0013
1129,600470,六国化工,-0.0289,-0.0083,,-0.012,-1.3649
1130,603321,梅轮电梯,-0.0292,-0.0067,-0.2854,-0.0203,-2.077
1131,002861,瀛通通讯,-0.0294,-0.0096,-0.4324,-0.0624,-6.5086
1132,002008,大族激光,-0.0294,-0.0086,-0.1472,-0.0168,-2.2199
1133,000751,锌业股份,-0.0301,-0.0259,-2.7073,-0.0551,-5.7643
1134,002353,杰瑞股份,-0.0302,-0.0048,-0.2705,-0.0204,-2.1287
1135,603067,振华股份,-0.031,-0.0167,-0.2416,-0.1773,-19.3721
1136,300580,贝斯特,-0.0311,-0.0068,-0.1557,-0.0396,-4.5756
1137,002876,三利谱,-0.0313,-0.0076,-0.4637,-0.0158,-1.9746
1138,002613,北玻股份,-0.0314,-0.0087,-0.2281,-0.0351,-3.9006
1139,600435,北方导航,-0.0314,-0.0036,-0.3626,-0.0091,-0.9334
1140,600478,科力远,-0.0314,-0.0034,,-0.0071,-1.3493
1141,300371,汇中股份,-0.0319,-0.0041,-0.1242,-0.0589,-6.4043
1142,300657,弘信电子,-0.032,-0.0146,-0.8601,-0.0189,-2.0817
1143,300064,豫金刚石,-0.0325,-0.0028,-0.1577,-0.0112,-1.45
1144,002714,牧原股份,-0.033,-0.0071,,-0.0132,-1.6987
1145,002786,银宝山新,-0.0333,-0.0125,-11.764,-0.018,-2.048
1146,002348,高乐股份,-0.0334,-0.0073,-0.5949,-0.0329,-6.1815
1147,002157,正邦科技,-0.0336,-0.0215,,-0.0326,-5.3181
1148,002845,同兴达,-0.0337,-0.0136,-0.7302,-0.0187,-1.8803
1149,600551,时代出版,-0.034,-0.0148,-0.58,-0.0511,-5.5692
1150,002921,联诚精密,-0.0347,-0.0095,-0.4121,-0.0224,-3.117
1151,600835,上海机电,-0.035,-0.0109,-0.3311,-0.0172,-1.7492
1152,600303,曙光股份,-0.0351,-0.0085,-3.5047,-0.0156,-2.0649
1153,600698,湖南天雁,-0.0353,-0.0095,,-0.021,-2.5488
1154,600836,界龙实业,-0.0359,-0.008,-3.3413,-0.0113,-1.3459
1155,002224,三力士,-0.036,-0.0059,-0.2297,-0.0242,-10.9156
1156,002333,罗普斯金,-0.0363,-0.0116,,-0.1363,-14.5412
1157,300218,安利股份,-0.0365,-0.0146,,-0.0306,-3.773
1158,002559,亚威股份,-0.0369,-0.0117,-0.4144,-0.0369,-4.0531
1159,002116,中国海诚,-0.0373,-0.0188,-0.7856,-0.0277,-2.8075
1160,002462,嘉事堂,-0.0376,-0.0301,-1.0363,-0.0446,-4.9801
1161,601777,力帆股份,-0.0378,-0.0075,-1.8408,-0.01,-1.1201
1162,300591,万里马,-0.0381,-0.0115,-0.8514,-0.0228,-2.3591
1163,603223,恒通股份,-0.0386,-0.0535,-1.7507,-0.1679,-17.8495
1164,300346,南大光电,-0.0389,-0.0036,-0.1559,-0.0424,-7.5105
1165,600593,大连圣亚,-0.0391,-0.0035,-0.7993,-0.0064,-0.8725
1166,000002,万科A,-0.0402,-0.0032,-0.3147,-0.0037,-0.4388
1167,000732,泰禾集团,-0.0411,-0.0022,-0.3834,-0.0026,-0.4814
1168,603089,正裕工业,-0.0413,-0.0182,-0.892,-0.0562,-5.7938
1169,600366,宁波韵升,-0.0415,-0.0075,-0.76,-0.038,-3.8893
1170,002419,天虹股份,-0.0416,-0.0274,-0.8167,-0.0478,-4.8325
1171,300252,金信诺,-0.0417,-0.0096,-0.4914,-0.0175,-1.8588
1172,300668,杰恩设计,-0.0418,-0.0154,-0.1665,-0.1063,-10.6906
1173,002788,鹭燕医药,-0.042,-0.0403,-2.5973,-0.0558,-5.829
1174,603366,日出东方,-0.0424,-0.0097,,-0.0237,-2.4749
1175,600128,弘业股份,-0.0432,-0.034,,-0.0694,-7.8729
1176,002782,可立克,-0.044,-0.021,-0.4376,-0.0739,-7.5034
1177,300018,中元股份,-0.044,-0.0043,-0.6139,-0.0479,-4.8824
1178,002895,川恒股份,-0.0441,-0.0098,-0.8431,-0.0375,-4.7136
1179,000404,长虹华意,-0.0443,-0.0207,-1.7547,-0.0353,-3.6233
1180,002045,国光电器,-0.045,-0.0158,-5.641,-0.0266,-4.4093
1181,002336,人人乐,-0.0451,-0.04,-7.8793,-0.0614,-6.348
1182,002295,精艺股份,-0.0451,-0.0663,-3.697,-0.1513,-15.2867
1183,300463,迈克生物,-0.0452,-0.014,-0.2229,-0.0415,-5.2833
1184,002909,集泰股份,-0.0457,-0.0227,-2.3754,-0.0476,-4.875
1185,603876,鼎胜新材,-0.0458,-0.0259,-2.2251,-0.0404,-4.8827
1186,002154,报喜鸟,-0.0461,-0.0158,-1.7558,-0.046,-4.8027
1187,300172,中电环保,-0.0462,-0.0085,-0.2828,-0.0203,-2.7193
1188,300349,金卡智能,-0.0466,-0.01,-0.2017,-0.0445,-5.5953
1189,600712,南宁百货,-0.0468,-0.024,,-0.0466,-4.6598
1190,002229,鸿博股份,-0.0474,-0.0077,,-0.0403,-4.2754
1191,603577,汇金通,-0.0476,-0.0113,-0.8414,-0.0233,-2.3954
1192,600080,金花股份,-0.0477,-0.0082,-0.8683,-0.0559,-5.6882
1193,300066,三川智慧,-0.0477,-0.0082,-0.3546,-0.0815,-9.6117
1194,002139,拓邦股份,-0.0479,-0.02,-0.6241,-0.0476,-4.8023
1195,002091,江苏国泰,-0.0482,-0.0396,-1.0022,-0.0733,-7.4511
1196,600713,南京医药,-0.0482,-0.0395,-4.0929,-0.0515,-5.2425
1197,600769,祥龙电业,-0.0488,-0.0067,-0.5592,-0.0106,-1.0608
1198,603666,亿嘉和,-0.0493,-0.0087,-0.141,-0.0735,-8.4968
1199,300114,中航电测,-0.0496,-0.0158,-0.334,-0.0622,-6.4381
1200,000017,深中华A,-0.0496,-0.0475,-6.8365,-0.0653,-6.5325
1201,300201,海伦哲,-0.0497,-0.0112,-1.5641,-0.0234,-2.5795
1202,002006,精功科技,-0.0498,-0.0134,-0.8721,-0.0304,-3.0522
1203,002426,胜利精密,-0.0504,-0.0214,-1.3504,-0.0391,-4.3322
1204,600857,宁波中百,-0.0511,-0.0308,-0.9713,-0.0403,-21.3671
1205,000043,中航善达,-0.0513,-0.0074,-1.0347,-0.0097,-1.4748
1206,002717,岭南股份,-0.0523,-0.0137,-0.4724,-0.0195,-2.3829
1207,300626,华瑞股份,-0.0525,-0.0236,-0.9733,-0.0509,-5.3531
1208,002654,万润科技,-0.0525,-0.0199,-1.0276,-0.0478,-5.7002
1209,300047,天源迪科,-0.0526,-0.015,-1.2506,-0.0513,-5.2544
1210,002571,德力股份,-0.0533,-0.0109,,-0.0571,-5.777
1211,600793,宜宾纸业,-0.0537,-0.0103,-0.1717,-0.0115,-1.4374
1212,002707,众信旅游,-0.0539,-0.0533,-2.0094,-0.0925,-11.2898
1213,603659,璞泰来,-0.0539,-0.0147,-0.2871,-0.0326,-4.2919
1214,000411,英特集团,-0.0541,-0.0581,-4.6924,-0.0737,-7.8805
1215,600192,长城电工,-0.0544,-0.0103,-2.933,-0.0188,-2.1481
1216,300124,汇川技术,-0.0546,-0.0143,-0.262,-0.0375,-3.932
1217,000619,海螺型材,-0.0552,-0.0211,-26.3146,-0.0728,-7.7447
1218,300376,易事特,-0.0557,-0.0154,-0.4547,-0.0275,-3.2355
1219,300566,激智科技,-0.0563,-0.0114,-0.7446,-0.0172,-1.9902
1220,000516,国际医学,-0.0568,-0.0127,-0.0404,-0.0671,-7.3749
1221,300494,盛天网络,-0.057,-0.0122,-0.3436,-0.1484,-14.8394
1222,600495,晋西车轴,-0.0575,-0.008,-1.1699,-0.0378,-4.0379
1223,603839,安正时尚,-0.0577,-0.0139,-0.2672,-0.0874,-11.0914
1224,601789,宁波建工,-0.0589,-0.0303,-3.9868,-0.0375,-3.8529
1225,002927,泰永长征,-0.06,-0.0118,-0.3683,-0.0916,-11.0857
1226,002726,龙大肉食,-0.0609,-0.0681,-2.3042,-0.1921,-19.4913
1227,600636,三爱富,-0.0623,-0.0172,-0.2355,-0.128,-13.3448
1228,002785,万里石,-0.0623,-0.0201,-2.5553,-0.0458,-4.6028
1229,300698,万马科技,-0.0627,-0.0147,-1.7857,-0.0387,-3.8715
1230,002255,海陆重工,-0.0628,-0.0093,-0.6119,-0.0221,-2.3446
1231,300507,苏奥传感,-0.0631,-0.0184,-0.366,-0.1246,-13.3192
1232,000779,三毛派神,-0.0632,-0.0143,,-0.0263,-3.5045
1233,603496,恒为科技,-0.0637,-0.0163,-0.3046,-0.0818,-8.2958
1234,002465,海格通信,-0.0638,-0.0103,-0.6478,-0.0437,-5.3259
1235,603536,惠发股份,-0.0645,-0.0262,-2.258,-0.0763,-9.2452
1236,002624,完美世界,-0.0658,-0.0141,-0.2988,-0.0313,-4.4665
1237,002385,大北农,-0.0658,-0.0314,-7.0602,-0.0743,-8.2074
1238,000595,宝塔实业,-0.0663,-0.0086,-1.6298,-0.0151,-1.9798
1239,603227,雪峰科技,-0.0668,-0.0222,-2.6959,-0.0488,-7.3216
1240,002392,北京利尔,-0.0669,-0.0189,-0.5584,-0.0498,-6.892
1241,600306,商业城,-0.0677,-0.0162,,-0.0171,-1.7221
1242,002865,钧达股份,-0.0683,-0.0192,-1.247,-0.0394,-4.2069
1243,000038,深大通,-0.0683,-0.0148,-0.7085,-0.2236,-23.9136
1244,002587,奥拓电子,-0.0688,-0.0279,-0.6625,-0.0713,-7.3428
1245,603977,国泰集团,-0.069,-0.0147,-0.5688,-0.0519,-6.9932
1246,300320,海达股份,-0.0692,-0.0298,-0.7438,-0.0617,-7.1355
1247,000698,沈阳化工,-0.0699,-0.035,-4.8078,-0.0668,-7.6636
1248,002660,茂硕电源,-0.0705,-0.0216,-18.7777,-0.0365,-3.8837
1249,300237,美晨生态,-0.0712,-0.0147,-0.4073,-0.0253,-3.2774
1250,002347,泰尔股份,-0.0713,-0.0133,-2.2423,-0.0334,-3.4958
1251,600452,涪陵电力,-0.072,-0.0177,-0.6361,-0.0246,-3.7173
1252,002490,山东墨龙,-0.0727,-0.023,-7.0263,-0.0333,-3.8866
1253,603928,兴业股份,-0.0728,-0.0384,-0.7038,-0.2111,-22.5764
1254,603656,泰禾光电,-0.0729,-0.0146,-0.3917,-0.1329,-14.2162
1255,300537,广信材料,-0.0731,-0.0135,-0.7005,-0.0668,-7.3107
1256,600869,智慧能源,-0.0735,-0.0324,-2.3395,-0.0471,-6.5261
1257,002880,卫光生物,-0.0739,-0.0159,-0.3194,-0.1261,-16.8862
1258,002086,东方海洋,-0.0756,-0.0073,-0.4271,-0.0313,-5.0356
1259,002742,三圣股份,-0.076,-0.0216,-1.0887,-0.035,-6.3678
1260,002117,东港股份,-0.0771,-0.0316,-0.4878,-0.1194,-12.9648
1261,002848,高斯贝尔,-0.0773,-0.0219,,-0.0413,-4.2572
1262,300409,道氏技术,-0.0774,-0.0252,-0.5082,-0.044,-5.8767
1263,002415,海康威视,-0.0777,-0.0324,-0.3947,-0.0819,-8.377
1264,002678,珠江钢琴,-0.078,-0.0183,-0.7888,-0.085,-10.2756
1265,002029,七匹狼,-0.0783,-0.0141,-0.8421,-0.0452,-4.6128
1266,600826,兰生股份,-0.0789,-0.0295,-5.8815,-0.1238,-15.6267
1267,300242,佳云科技,-0.0795,-0.0538,-3.2655,-0.1839,-18.4748
1268,002049,紫光国微,-0.0798,-0.0148,-0.7052,-0.0425,-9.2068
1269,002877,智能自控,-0.0798,-0.0175,-0.6344,-0.0568,-6.1447
1270,600378,天科股份,-0.0799,-0.0179,-0.687,-0.0738,-7.4112
1271,002010,传化智联,-0.0802,-0.0329,-3.0309,-0.0615,-10.553
1272,603378,亚士创能,-0.0806,-0.0229,-2.7201,-0.0515,-6.2702
1273,300713,英可瑞,-0.0812,-0.0103,-0.2946,-0.0516,-5.184
1274,002550,千红制药,-0.0815,-0.017,-0.3463,-0.076,-11.2417
1275,603269,海鸥股份,-0.0815,-0.0156,-1.6827,-0.0304,-3.1531
1276,300649,杭州园林,-0.0815,-0.0579,-1.1373,-0.1822,-18.4467
1277,603737,三棵树,-0.0819,-0.0442,-1.8391,-0.0824,-8.3053
1278,300393,中来股份,-0.0821,-0.0167,-1.4535,-0.0303,-4.9034
1279,300081,恒信东方,-0.0831,-0.0099,-0.138,-0.1433,-14.3321
1280,002531,天顺风能,-0.0832,-0.0119,-0.5382,-0.0219,-3.1184
1281,300011,鼎汉技术,-0.0833,-0.012,-1.7271,-0.0312,-4.2533
1282,300265,通光线缆,-0.0836,-0.0306,-2.6103,-0.0565,-6.1134
1283,000065,北方国际,-0.0836,-0.0293,-0.976,-0.0466,-5.3993
1284,002883,中设股份,-0.084,-0.0237,-0.4325,-0.1919,-19.2049
1285,002723,金莱特,-0.0848,-0.037,,-0.0873,-8.8343
1286,000811,冰轮环境,-0.0848,-0.0233,-1.1595,-0.0493,-5.6923
1287,603877,太平鸟,-0.0856,-0.0503,-1.4117,-0.1234,-15.6151
1288,000705,浙江震元,-0.0861,-0.0555,-2.7424,-0.1757,-18.5007
1289,000856,冀东装备,-0.087,-0.0387,-4.4707,-0.0485,-4.8812
1290,002315,焦点科技,-0.0873,-0.0147,-1.0971,-0.062,-6.7156
1291,000850,华茂股份,-0.0875,-0.0152,-0.9285,-0.0364,-5.4229
1292,002577,雷柏科技,-0.0876,-0.0146,-1.1625,-0.0959,-10.2201
1293,601339,百隆东方,-0.0877,-0.0199,-0.7913,-0.047,-7.0235
1294,603326,我乐家居,-0.0884,-0.0339,-1.9004,-0.1009,-10.7372
1295,002599,盛通股份,-0.0892,-0.0294,-1.5072,-0.0758,-10.1196
1296,603933,睿能科技,-0.0905,-0.0575,-1.1581,-0.1577,-15.7727
1297,002469,三维工程,-0.0905,-0.014,-0.6156,-0.0826,-8.3232
1298,603368,柳药股份,-0.0909,-0.0591,-1.8609,-0.1051,-10.6384
1299,000810,创维数字,-0.0915,-0.0417,-2.02,-0.0668,-6.9094
1300,603999,读者传媒,-0.092,-0.0144,-1.9988,-0.1175,-17.0471
1301,002775,文科园林,-0.0926,-0.0344,-0.9843,-0.0989,-11.114
1302,603329,上海雅仕,-0.0938,-0.0608,-1.7344,-0.2117,-21.1735
1303,002546,新联电子,-0.0938,-0.0081,-0.4029,-0.0743,-7.776
1304,000682,东方电子,-0.0941,-0.0237,-1.507,-0.0684,-7.2199
1305,002826,易明医药,-0.0943,-0.0268,-1.3155,-0.1328,-13.4988
1306,002285,世联行,-0.0944,-0.0234,-1.1427,-0.0364,-3.7103
1307,300001,特锐德,-0.0945,-0.0195,-2.274,-0.0265,-2.9888
1308,002902,铭普光磁,-0.0945,-0.0416,-8.3965,-0.1016,-10.159
1309,002407,多氟多,-0.0945,-0.0207,-0.9267,-0.0368,-4.7241
1310,002379,宏创控股,-0.0948,-0.0478,-15.21,-0.4397,-43.9736
1311,600070,浙江富润,-0.0951,-0.0269,-0.8843,-0.0856,-11.5122
1312,002778,高科石化,-0.0959,-0.0391,-2.0654,-0.2194,-22.2579
1313,600203,福日电子,-0.0969,-0.0639,-15.8504,-0.0937,-9.7207
1314,600333,长春燃气,-0.0973,-0.0133,,-0.0218,-2.5919
1315,603819,神力股份,-0.0982,-0.0408,-2.172,-0.1405,-14.1473
1316,600372,中航电子,-0.0987,-0.0136,-1.972,-0.0208,-2.9348
1317,600970,中材国际,-0.1001,-0.0319,-1.5358,-0.0432,-5.2553
1318,300263,隆华节能,-0.1004,-0.0188,-1.0926,-0.0605,-6.5323
1319,603421,鼎信通讯,-0.1008,-0.0196,-0.6168,-0.064,-11.6708
1320,300263,隆华节能,-0.1004,-0.0188,-1.0926,-0.0605,-6.5323
1321,603421,鼎信通讯,-0.1008,-0.0196,-0.6168,-0.064,-11.6708
1322,300378,鼎捷软件,-0.1024,-0.0317,-1.6884,-0.0873,-8.7743
1323,002329,皇氏集团,-0.1034,-0.0201,,-0.0454,-8.2249
1324,601069,西部黄金,-0.1038,-0.0169,,-0.0497,-6.1226
1325,601808,中海油服,-0.1043,-0.0117,,-0.022,-6.1564
1326,600099,林海股份,-0.1051,-0.0451,-125.4566,-0.2004,-20.0411
1327,300638,广和通,-0.1055,-0.0654,-2.5633,-0.1162,-11.7598
1328,300046,台基股份,-0.1058,-0.0209,-0.448,-0.1389,-14.1588
1329,600248,延长化建,-0.1058,-0.0392,-3.2514,-0.0643,-6.4336
1330,600206,有研新材,-0.1068,-0.0692,-6.2312,-0.6383,-104.1826
1331,002009,天奇股份,-0.1092,-0.0328,-1.4864,-0.0569,-5.8431
1332,002689,远大智能,-0.1114,-0.0205,,-0.0483,-5.6647
1333,002236,大华股份,-0.1117,-0.0493,-1.007,-0.0989,-10.7154
1334,300606,金太阳,-0.1121,-0.0327,-0.6504,-0.1925,-19.2548
1335,002741,光华科技,-0.1124,-0.0437,-1.0173,-0.1044,-11.2564
1336,603500,祥和实业,-0.1143,-0.0179,-0.5106,-0.2325,-24.2774
1337,002334,英威腾,-0.1144,-0.0367,-1.4228,-0.0927,-9.547
1338,002111,威海广泰,-0.1145,-0.0251,-0.9144,-0.0635,-6.9399
1339,002362,汉王科技,-0.1147,-0.0314,-1.7686,-0.1719,-17.4039
1340,603030,全筑股份,-0.1153,-0.048,-3.4396,-0.0661,-7.3292
1341,002738,中矿资源,-0.1156,-0.022,-1.4831,-0.0427,-4.9923
1342,300405,科隆股份,-0.1171,-0.0337,-11.8634,-0.071,-7.4041
1343,300223,北京君正,-0.1172,-0.0102,-1.0143,-0.2846,-47.7625
1344,601005,重庆钢铁,-0.1173,-0.0533,-1.7074,-0.1885,-34.905
1345,002511,中顺洁柔,-0.1178,-0.0561,-1.5246,-0.1357,-15.5196
1346,600397,*ST安煤,-0.1182,-0.0364,-4.6258,-0.0408,-6.263
1347,300560,中富通,-0.1184,-0.0451,-0.967,-0.2694,-26.9358
1348,300416,苏试试验,-0.1186,-0.0233,-0.9154,-0.0635,-7.2297
1349,300388,国祯环保,-0.1192,-0.021,-1.2645,-0.0285,-6.075
1350,300328,宜安科技,-0.1202,-0.0266,-2.6365,-0.0962,-14.127
1351,002822,中装建设,-0.1204,-0.0468,-2.6995,-0.0848,-8.8443
1352,603803,瑞斯康达,-0.1205,-0.038,-3.1328,-0.1266,-12.6603
1353,600237,铜峰电子,-0.1206,-0.0277,-9.8912,-0.0788,-8.195
1354,300608,思特奇,-0.1207,-0.0292,,-0.0767,-7.7177
1355,002811,亚泰国际,-0.1215,-0.0485,-2.8372,-0.097,-9.922
1356,300314,戴维医疗,-0.1219,-0.0182,-0.617,-0.2285,-24.0325
1357,300316,晶盛机电,-0.1227,-0.0252,-0.5458,-0.0702,-7.2442
1358,002747,埃斯顿,-0.123,-0.0258,-1.4222,-0.0493,-6.6194
1359,600884,杉杉股份,-0.123,-0.0221,-0.9838,-0.0418,-5.855
1360,603036,如通股份,-0.1233,-0.0105,-0.7553,-0.1436,-21.3313
1361,002184,海得控制,-0.124,-0.0428,,-0.0944,-9.5409
1362,300013,新宁物流,-0.1252,-0.0213,-1.9473,-0.0441,-7.306
1363,002615,哈尔斯,-0.1272,-0.0624,-2.3553,-0.1119,-13.8354
1364,002428,云南锗业,-0.1276,-0.0133,-3.5046,-0.0679,-7.41
1365,300648,星云股份,-0.128,-0.0297,-1.2479,-0.1436,-14.3612
1366,600335,国机汽车,-0.1297,-0.0987,-6.7809,-0.142,-16.3356
1367,300375,鹏翎股份,-0.1297,-0.0445,-1.5019,-0.2933,-38.8953
1368,600337,美克家居,-0.1302,-0.0421,-1.6243,-0.1099,-14.0678
1369,002774,快意电梯,-0.1303,-0.0315,-3.4937,-0.1035,-11.5561
1370,603339,四方科技,-0.1306,-0.0355,-0.8417,-0.1712,-17.6469
1371,300427,红相股份,-0.1319,-0.0263,-0.6039,-0.0798,-10.8086
1372,300130,新国都,-0.1322,-0.0299,-2.0159,-0.0626,-6.9319
1373,600105,永鼎股份,-0.1323,-0.0362,-1.9519,-0.0873,-9.8624
1374,600111,北方稀土,-0.1336,-0.0359,-2.5925,-0.0727,-12.5373
1375,002718,友邦吊顶,-0.134,-0.0349,-0.927,-0.2227,-22.4022
1376,002538,司尔特,-0.1343,-0.0329,-1.5958,-0.1018,-15.7782
1377,002565,顺灏股份,-0.1343,-0.0314,-2.4812,-0.091,-13.3874
1378,002253,川大智胜,-0.1348,-0.0083,-0.6469,-0.0889,-15.5454
1379,600288,大恒科技,-0.1361,-0.0578,,-0.1431,-14.7006
1380,603131,上海沪工,-0.1365,-0.053,-2.7849,-0.2063,-20.871
1381,000565,渝三峡A,-0.1368,-0.032,-1.7729,-0.1088,-18.6664
1382,002335,科华恒盛,-0.1369,-0.028,-2.1352,-0.0586,-9.41
1383,600896,*ST海投,-0.1374,-0.0009,-0.0587,-0.0024,-0.8929
1384,600880,博瑞传播,-0.1375,-0.0103,-2.2992,-0.1116,-14.4677
1385,600381,青海春天,-0.1377,-0.0103,-0.314,-0.2064,-56.8525
1386,000812,陕西金叶,-0.1377,-0.0273,-2.4225,-0.0742,-9.8198
1387,600647,同达创业,-0.1396,-0.0043,,-0.0124,-1.2403
1388,000545,金浦钛业,-0.1396,-0.0443,-2.1895,-0.1294,-14.1937
1389,002025,航天电器,-0.14,-0.0368,-1.0063,-0.1094,-11.9605
1390,002682,龙洲股份,-0.14,-0.0355,-2.5668,-0.0612,-9.2694
1391,002176,江特电机,-0.1415,-0.0224,-0.7754,-0.0388,-4.4485
1392,000025,特力A,-0.1418,-0.019,-1.0566,-0.0631,-7.1695
1393,002037,久联发展,-0.142,-0.0389,-5.6092,-0.056,-6.705
1394,600415,小商品城,-0.143,-0.011,-0.214,-0.0225,-2.6091
1395,300067,安诺其,-0.1431,-0.0527,-0.9906,-0.3833,-38.7096
1396,603996,中新科技,-0.1432,-0.1031,-21.0327,-0.1445,-14.8504
1397,601606,长城军工,-0.1433,-0.0274,-5.4738,-0.0619,-8.6463
1398,300085,银之杰,-0.144,-0.0398,-28.7297,-0.0956,-12.2164
1399,002533,金杯电工,-0.1442,-0.0868,-3.944,-0.2746,-29.7666
1400,002930,宏川智慧,-0.1447,-0.0117,-0.578,-0.0438,-22.2507
1401,300572,安车检测,-0.1448,-0.0328,-0.5725,-0.0776,-7.7658
1402,300472,新元科技,-0.1455,-0.0208,-1.8007,-0.0867,-9.0902
1403,300169,天晟新材,-0.1457,-0.0302,-8.8859,-0.0739,-8.5918
1404,300365,恒华科技,-0.1457,-0.0324,-0.931,-0.1326,-13.2712
1405,002917,金奥博,-0.1468,-0.0335,-0.7823,-0.1969,-22.5121
1406,002364,中恒电气,-0.1469,-0.0207,-1.3282,-0.2553,-26.2637
1407,603101,汇嘉时代,-0.1492,-0.0921,-3.1697,-0.1804,-19.0941
1408,600400,红豆股份,-0.1493,-0.0354,-1.6825,-0.2254,-22.5396
1409,002077,大港股份,-0.1494,-0.0115,,-0.0233,-2.7348
1410,300581,晨曦航空,-0.1499,-0.0114,-1.6433,-0.0595,-6.1344
1411,002724,海洋王,-0.1502,-0.0383,-2.2006,-0.4066,-42.0686
1412,002768,国恩股份,-0.1506,-0.0709,-1.6906,-0.1933,-19.8811
1413,603081,大丰实业,-0.1508,-0.0412,-1.1994,-0.0903,-9.1384
1414,002443,金洲管道,-0.1512,-0.0875,-4.2128,-0.2743,-32.0225
1415,603856,东宏股份,-0.1515,-0.0628,-1.4265,-0.3424,-42.0225
1416,002350,北京科锐,-0.1518,-0.0493,-4.3206,-0.1057,-12.0751
1417,603283,赛腾股份,-0.1523,-0.0504,-1.2577,-0.1018,-10.735
1418,002424,贵州百灵,-0.1533,-0.0404,-0.7457,-0.1474,-15.076
1419,002589,瑞康医药,-0.1536,-0.0719,-2.8212,-0.1072,-12.1648
1420,603501,韦尔股份,-0.154,-0.0854,-2.0203,-0.1486,-15.3994
1421,002588,史丹利,-0.1544,-0.0685,-2.6001,-0.2102,-23.3971
1422,002498,汉缆股份,-0.1555,-0.0568,-5.0144,-0.1701,-17.8732
1423,300247,乐金健康,-0.1564,-0.0267,-2.6913,-0.1565,-16.5422
1424,002214,大立科技,-0.1566,-0.0169,-1.1514,-0.057,-6.9489
1425,603879,永悦科技,-0.1568,-0.0707,-1.9538,-0.6432,-64.418
1426,600330,天通股份,-0.1571,-0.0337,-1.1698,-0.1019,-12.8127
1427,002483,润邦股份,-0.1573,-0.0349,-4.6003,-0.1057,-15.3144
1428,002485,希努尔,-0.1599,-0.0231,-18.038,-0.0947,-9.7853
1429,300210,森远股份,-0.1601,-0.0158,-1.2874,-0.0393,-4.4505
1430,600151,航天机电,-0.1601,-0.0376,,-0.0672,-8.2655
1431,600734,实达集团,-0.1618,-0.0607,-4.5551,-0.1015,-12.1988
1432,300311,任子行,-0.163,-0.0365,-1.1946,-0.0811,-10.6253
1433,603887,城地股份,-0.1632,-0.0706,-2.2055,-0.1464,-14.882
1434,002527,新时达,-0.1643,-0.042,-6.9707,-0.0846,-10.8198
1435,600048,保利地产,-0.1652,-0.0121,-1.056,-0.0152,-2.3191
1436,300422,博世科,-0.1671,-0.0376,-1.8433,-0.0518,-8.4238
1437,002383,合众思壮,-0.1684,-0.0451,-2.3099,-0.0799,-8.5441
1438,300379,东方通,-0.1684,-0.012,-11.5142,-0.1945,-20.187
1439,600281,太化股份,-0.1685,-0.0323,,-0.0478,-5.8315
1440,002431,棕榈股份,-0.1687,-0.0228,-2.6826,-0.0346,-4.4539
1441,300052,中青宝,-0.1698,-0.021,-0.8634,-0.0678,-7.3905
1442,603365,水星家纺,-0.1705,-0.0833,-1.653,-0.5589,-58.0637
1443,002755,东方新星,-0.1706,-0.0458,-3.7209,-0.1497,-15.1746
1444,603018,中设集团,-0.1721,-0.0489,-1.7137,-0.079,-7.9234
1445,600629,华建集团,-0.1733,-0.0645,-2.9288,-0.1006,-10.8716
1446,600444,国机通用,-0.1757,-0.0502,-2.2798,-0.1426,-14.8772
1447,002554,惠博普,-0.1763,-0.0277,-2.3401,-0.0519,-6.7152
1448,002278,神开股份,-0.1769,-0.0313,-5.9735,-0.1169,-13.1209
1449,300231,银信科技,-0.1776,-0.0565,-1.5684,-0.2068,-22.6661
1450,300456,耐威科技,-0.1782,-0.0199,-1.0211,-0.0456,-5.1906
1451,600980,北矿科技,-0.1792,-0.0554,-2.302,-0.2178,-24.9547
1452,002890,弘宇股份,-0.1808,-0.0359,-0.9349,-0.2238,-23.7629
1453,002172,澳洋科技,-0.1813,-0.0665,-79.2541,-0.0934,-11.1858
1454,600526,菲达环保,-0.1815,-0.0391,-38.0887,-0.0541,-5.8188
1455,000400,许继电气,-0.1821,-0.0324,-3.1226,-0.0727,-7.3047
1456,000852,石化机械,-0.1823,-0.0441,,-0.0578,-5.8175
1457,600602,云赛智联,-0.1848,-0.0675,-2.5084,-0.2532,-26.3864
1458,002240,威华股份,-0.1861,-0.067,-4.1699,-0.2124,-21.7398
1459,600355,精伦电子,-0.1865,-0.0727,-7.5213,-0.2029,-20.4204
1460,300412,迦南科技,-0.187,-0.0278,-2.3768,-0.0736,-7.5077
1461,000798,中水渔业,-0.1871,-0.0567,,-0.2041,-23.5004
1462,601677,明泰铝业,-0.1876,-0.1232,-4.1245,-0.3449,-38.4293
1463,002530,金财互联,-0.1881,-0.0178,-0.9397,-0.1062,-11.0352
1464,002193,如意集团,-0.1883,-0.0227,-3.1745,-0.0498,-5.5217
1465,000701,厦门信达,-0.1884,-0.222,-57.2205,-0.297,-30.3921
1466,603679,华体科技,-0.19,-0.0671,-1.6284,-0.2239,-22.3927
1467,603903,中持股份,-0.1901,-0.0483,-1.7236,-0.0777,-10.0127
1468,603660,苏州科达,-0.1914,-0.0882,-2.0687,-0.2856,-28.9869
1469,000605,渤海股份,-0.1921,-0.0231,-6.5402,-0.0399,-6.1026
1470,000795,英洛华,-0.1926,-0.0642,-8.7436,-0.2783,-30.5718
1471,600118,中国卫星,-0.1931,-0.0539,-3.1525,-0.1243,-12.9439
1472,300205,天喻信息,-0.1936,-0.1046,-3.5671,-0.2471,-25.3852
1473,002740,爱迪尔,-0.194,-0.0718,-6.1232,-0.1732,-19.6881
1474,603356,华菱精工,-0.195,-0.0954,-2.4249,-0.5225,-68.2346
1475,002575,群兴玩具,-0.196,-0.002,-0.4848,-0.2135,-38.9759
1476,000826,启迪桑德,-0.1974,-0.0289,-1.6978,-0.0493,-7.2032
1477,002853,皮阿诺,-0.1985,-0.0631,-1.8246,-0.2097,-23.1886
1478,002664,长鹰信质,-0.1985,-0.0727,-1.7524,-0.1805,-18.8188
1479,300177,中海达,-0.1994,-0.0456,-1.8787,-0.2105,-24.9334
1480,002627,宜昌交运,-0.1995,-0.0591,-4.6084,-0.1385,-18.2179
1481,002204,大连重工,-0.2,-0.0267,,-0.0455,-4.7673
1482,002017,东信和平,-0.2009,-0.0662,-5.4024,-0.1564,-16.9852
1483,600312,平高电气,-0.2017,-0.0274,,-0.0506,-5.0783
1484,002028,思源电气,-0.2037,-0.0521,-2.5476,-0.1551,-15.7779
1485,002849,威星智能,-0.2047,-0.0794,-2.1283,-0.1987,-19.9743
1486,002863,今飞凯达,-0.2049,-0.0679,-7.8135,-0.0882,-9.4577
1487,002529,海源机械,-0.2049,-0.0168,-1.343,-0.0705,-8.7087
1488,300499,高澜股份,-0.2057,-0.0499,-3.0898,-0.1147,-12.6666
1489,600862,中航高科,-0.2088,-0.042,-1.8478,-0.0891,-10.2611
1490,600268,国电南自,-0.211,-0.037,-34.3416,-0.0531,-6.0552
1491,002152,广电运通,-0.2122,-0.0363,-1.1905,-0.1462,-15.2591
1492,002669,康达新材,-0.2125,-0.0318,-1.8579,-0.1791,-18.4257
1493,002302,西部建设,-0.2138,-0.0899,-17.697,-0.1376,-15.7677
1494,002015,霞客环保,-0.2138,-0.1334,-50.5145,-2.2422,-224.2189
1495,300732,设研院,-0.2161,-0.0377,-0.8247,-0.1244,-15.333
1496,300284,苏交科,-0.2194,-0.0591,-3.3647,-0.0931,-11.524
1497,002852,道道全,-0.2204,-0.1427,-2.3456,-0.8648,-109.1947
1498,300142,沃森生物,-0.2205,-0.0136,-0.9561,-0.0473,-8.9261
1499,002046,轴研科技,-0.2224,-0.0493,-5.3691,-0.1345,-16.0982
1500,300534,陇神戎发,-0.2226,-0.032,-2.3127,-0.4769,-70.2058
1501,300245,天玑科技,-0.2251,-0.0265,-1.0623,-0.3448,-35.4068
1502,300318,博晖创新,-0.2256,-0.0248,-3.2026,-0.0466,-5.2574
1503,000851,高鸿股份,-0.2263,-0.1338,-25.672,-0.2442,-28.6924
1504,600356,恒丰纸业,-0.2269,-0.0628,-5.5981,-0.3132,-31.712
1505,000925,众合科技,-0.2276,-0.031,-12.5436,-0.0529,-6.3227
1506,002096,南岭民爆,-0.2281,-0.0601,-16.0515,-0.1337,-14.8873
1507,002766,索菱股份,-0.2298,-0.051,-2.6539,-0.1122,-16.578
1508,000738,航发控制,-0.2298,-0.0409,-1.7586,-0.1793,-23.0116
1509,600520,文一科技,-0.2302,-0.0363,,-0.0725,-7.4844
1510,002787,华源控股,-0.2306,-0.0718,-3.3999,-0.2434,-25.5019
1511,002418,康盛股份,-0.2309,-0.0365,-170.9637,-0.0482,-5.6926
1512,300161,华中数控,-0.2333,-0.0356,,-0.0896,-10.2512
1513,300510,金冠股份,-0.2333,-0.0179,-1.4041,-0.069,-9.3578
1514,300532,今天国际,-0.2364,-0.0508,-2.0354,-0.1252,-13.2698
1515,002583,海能达,-0.2364,-0.0514,-91.8459,-0.0857,-10.5784
1516,603333,明星电缆,-0.2367,-0.0774,-5.9235,-0.2483,-26.7292
1517,002300,太阳电缆,-0.2368,-0.1387,-11.8211,-0.2207,-23.9585
1518,002691,冀凯股份,-0.239,-0.0427,-6.1061,-0.4705,-72.8752
1519,300466,赛摩电气,-0.2396,-0.028,-2.5697,-0.1281,-14.2946
1520,603011,合锻智能,-0.2403,-0.0372,-3.0177,-0.1383,-16.0942
1521,300005,探路者,-0.2414,-0.068,-10.2192,-0.43,-43.705
1522,300021,大禹节水,-0.2415,-0.0527,-3.1594,-0.0914,-10.5564
1523,002912,中新赛克,-0.2415,-0.0383,-1.0305,-0.1236,-12.7031
1524,300086,康芝药业,-0.2419,-0.0284,-1.8354,-0.1769,-20.3572
1525,002858,力盛赛车,-0.2427,-0.0727,-7.867,-0.4633,-46.3275
1526,300514,友讯达,-0.245,-0.0855,-3.8593,-0.2739,-27.8582
1527,600266,北京城建,-0.247,-0.0082,-2.3303,-0.0106,-2.2594
1528,000793,华闻传媒,-0.2501,-0.0216,-3.9439,-0.0557,-25.1503
1529,603990,麦迪科技,-0.2505,-0.0413,-2.2396,-0.1401,-14.2298
1530,002452,长高集团,-0.2506,-0.0359,,-0.0728,-9.9544
1531,600136,当代明诚,-0.2508,-0.0264,-2.3843,-0.0399,-7.0599
1532,603033,三维股份,-0.2508,-0.0773,-2.9978,-0.2696,-27.0841
1533,002090,金智科技,-0.2509,-0.0489,-3.5019,-0.0729,-8.4255
1534,600590,泰豪科技,-0.2543,-0.0505,-4.8021,-0.0822,-11.1376
1535,002230,科大讯飞,-0.2564,-0.0617,-6.094,-0.1466,-17.7306
1536,600570,恒生电子,-0.258,-0.0639,-1.1366,-0.1714,-18.775
1537,002298,中电兴发,-0.2581,-0.0412,-2.8476,-0.15,-18.3679
1538,300123,亚光科技,-0.2584,-0.0208,-2.4828,-0.0624,-7.7534
1539,603869,新智认知,-0.2584,-0.0481,-2.6015,-0.1197,-12.9039
1540,600814,杭州解百,-0.2592,-0.1479,-3.8551,-0.42,-42.653
1541,000967,盈峰环境,-0.2593,-0.0775,-3.2656,-0.1628,-19.9851
1542,002208,合肥城建,-0.261,-0.0237,-1.746,-0.0282,-3.1622
1543,002410,广联达,-0.2634,-0.06,-2.0737,-0.1671,-41.4826
1544,300068,南都电源,-0.2652,-0.0854,-4.0566,-0.167,-22.1225
1545,002215,诺普信,-0.2658,-0.1269,-2.0882,-0.2724,-28.3921
1546,603169,兰石重装,-0.2682,-0.0305,,-0.0425,-4.6825
1547,002812,创新股份,-0.2688,-0.0747,-3.2665,-0.4711,-48.0383
1548,603099,长白山,-0.271,-0.026,,-0.1247,-19.516
1549,002842,翔鹭钨业,-0.2711,-0.1189,-4.0006,-0.2468,-27.142
1550,000953,ST河化,-0.2722,-0.0754,,-0.0697,-7.0018
1551,603388,元成股份,-0.2728,-0.0599,-2.495,-0.0981,-11.6558
1552,000011,深物业A,-0.2734,-0.049,-2.7189,-0.1273,-13.1219
1553,002777,久远银海,-0.2747,-0.0467,-1.6354,-0.1134,-13.2579
1554,002190,成飞集成,-0.2781,-0.0243,,-0.0539,-9.2727
1555,600064,南京高科,-0.2802,-0.0211,-0.7046,-0.0368,-4.0723
1556,300045,华力创通,-0.2863,-0.03,-9.8072,-0.1772,-19.2553
1557,603318,派思股份,-0.2866,-0.0413,-3.078,-0.085,-10.563
1558,300178,腾邦国际,-0.2867,-0.0856,-2.6275,-0.1371,-15.4511
1559,600262,北方股份,-0.2874,-0.0797,-1.0364,-0.1581,-17.6721
1560,603359,东珠生态,-0.2891,-0.0562,-1.3599,-0.1315,-13.1522
1561,600343,航天动力,-0.2893,-0.0459,-12.8791,-0.1258,-13.4276
1562,300339,润和软件,-0.2894,-0.0457,-2.9654,-0.1624,-21.2089
1563,002709,天赐材料,-0.2904,-0.0619,-0.6173,-0.1922,-20.5358
1564,600257,大湖股份,-0.2924,-0.0689,-12.2207,-0.2959,-32.4743
1565,002903,宇环数控,-0.2941,-0.0448,-1.0225,-0.246,-26.4954
1566,300268,佳沃股份,-0.2951,-0.1894,-46.9039,-0.2716,-31.5776
1567,000423,东阿阿胶,-0.2953,-0.0711,-1.0204,-0.3926,-40.4066
1568,000070,特发信息,-0.299,-0.1135,-6.7178,-0.1787,-18.7245
1569,600776,东方通信,-0.2998,-0.0858,-5.6697,-0.4861,-48.9965
1570,002413,雷科防务,-0.2999,-0.0261,-1.6519,-0.2528,-28.2005
1571,300222,科大智能,-0.3001,-0.0541,-3.246,-0.1376,-15.2757
1572,002289,宇顺电子,-0.3036,-0.0682,,-0.169,-22.1664
1573,300024,机器人,-0.3059,-0.0408,-1.7567,-0.1207,-16.9803
1574,600685,中船防务,-0.307,-0.0561,,-0.0886,-10.9721
1575,300277,海联讯,-0.3076,-0.0268,,-0.0985,-10.0345
1576,600069,银鸽投资,-0.308,-0.1055,-98.2026,-0.2081,-23.9279
1577,600498,烽火通信,-0.3106,-0.1208,-6.9426,-0.1894,-20.721
1578,603322,超讯通信,-0.3119,-0.0898,-12.2924,-0.1359,-15.7784
1579,002175,东方网络,-0.3132,-0.0161,,-0.0335,-3.8111
1580,001979,招商蛇口,-0.3136,-0.0161,-0.826,-0.0209,-3.0522
1581,002279,久其软件,-0.3175,-0.0776,-3.4389,-0.1536,-26.0134
1582,300478,杭州高新,-0.3218,-0.0772,-5.5753,-0.1234,-22.8276
1583,002401,中远海科,-0.3247,-0.0944,-3.1395,-0.1897,-19.2907
1584,002232,启明信息,-0.3256,-0.1062,-7.3447,-0.3015,-33.7587
1585,300309,吉艾科技,-0.3269,-0.0201,-0.7086,-0.0316,-9.2119
1586,300583,赛托生物,-0.3288,-0.0802,-2.6112,-0.3602,-39.118
1587,300159,新研股份,-0.3297,-0.0262,-1.3759,-0.0794,-12.599
1588,600728,佳都科技,-0.3311,-0.0971,-8.541,-0.2168,-22.2092
1589,603717,天域生态,-0.3312,-0.0674,-4.1842,-0.1251,-13.059
1590,002515,金字火腿,-0.3325,-0.0345,-6.1154,-0.6442,-87.0316
1591,002813,路畅科技,-0.3328,-0.0793,,-0.1314,-13.3948
1592,002767,先锋电子,-0.3364,-0.0566,-3.5679,-0.4593,-47.5115
1593,002887,绿茵生态,-0.3416,-0.0472,-1.2341,-0.2125,-21.3438
1594,603897,长城科技,-0.3422,-0.3973,-9.9012,-1.5505,-156.1503
1595,002322,理工环科,-0.3449,-0.0318,-1.3708,-0.2499,-25.5707
1596,300712,永福股份,-0.3459,-0.0805,-2.7033,-0.2655,-26.5477
1597,603909,合诚股份,-0.3485,-0.0664,-12.3539,-0.176,-30.5072
1598,300070,碧水源,-0.3525,-0.0275,-3.257,-0.0476,-7.5373
1599,002518,科士达,-0.3526,-0.1102,-2.649,-0.2926,-33.9601
1600,603458,勘设股份,-0.3534,-0.0997,-2.0376,-0.2346,-23.6683
1601,300451,创业软件,-0.3602,-0.0663,-3.0132,-0.2754,-27.9755
1602,603690,至纯科技,-0.3623,-0.0517,-3.8558,-0.0773,-8.1999
1603,600382,广东明珠,-0.3678,-0.0171,-0.5915,-0.0963,-20.6774
1604,300479,神思电子,-0.3688,-0.0882,-5.6909,-0.3339,-34.4054
1605,603559,中通国脉,-0.3689,-0.066,-6.0418,-0.1501,-15.1066
1606,002296,辉煌科技,-0.3695,-0.0318,-3.1948,-0.0968,-12.0558
1607,002331,皖通科技,-0.3697,-0.077,-4.4573,-0.3735,-37.8014
1608,300531,优博讯,-0.371,-0.116,-2.1997,-0.3161,-32.5398
1609,002523,天桥起重,-0.371,-0.0564,-4.4154,-0.1471,-15.1883
1610,300678,中科信息,-0.3765,-0.053,-2.766,-0.2964,-30.9522
1611,002480,新筑股份,-0.3767,-0.0485,-11.0418,-0.0809,-12.8873
1612,601330,绿色动力,-0.3772,-0.0241,-1.125,-0.0372,-15.9961
1613,300627,华测导航,-0.3819,-0.1341,-3.5578,-0.4046,-45.8098
1614,300020,银江股份,-0.3835,-0.067,-4.5808,-0.1501,-15.1182
1615,300654,世纪天鸿,-0.3835,-0.0662,-6.0473,-0.2063,-21.9488
1616,002439,启明星辰,-0.3877,-0.0719,-18.0738,-0.3289,-35.4002
1617,603096,新经典,-0.3921,-0.0967,-1.547,-0.8386,-84.3572
1618,603183,建研院,-0.3945,-0.0995,-3.1078,-0.4374,-44.0897
1619,002421,达实智能,-0.3967,-0.0676,-4.1062,-0.1438,-18.3388
1620,002544,杰赛科技,-0.3987,-0.14,-21.7541,-0.216,-24.7452
1621,002837,英维克,-0.4005,-0.0972,-3.8915,-0.2242,-23.4392
1622,603389,亚振家居,-0.4007,-0.0793,,-0.5267,-59.2392
1623,002459,天业通联,-0.4032,-0.0503,-8.6165,-0.3899,-39.2284
1624,300213,佳讯飞鸿,-0.4037,-0.0644,-3.9055,-0.1678,-20.1147
1625,603991,至正股份,-0.4079,-0.1368,-7.8542,-0.3827,-39.2364
1626,603105,芯能科技,-0.4104,-0.0425,-1.8572,-0.079,-11.405
1627,002828,贝肯能源,-0.4106,-0.0588,-4.9297,-0.1348,-13.4835
1628,002609,捷顺科技,-0.4107,-0.0465,-3.1774,-0.4324,-52.7024
1629,600719,大连热电,-0.4128,-0.126,-17.3939,-0.2353,-27.5722
1630,600579,天华院,-0.4147,-0.0666,-11.063,-0.206,-21.3495
1631,603616,韩建河山,-0.4195,-0.0798,-18.6375,-0.1421,-17.9879
1632,600823,世茂股份,-0.4209,-0.0541,-2.0536,-0.102,-15.6244
1633,603955,大千生态,-0.4214,-0.0529,-3.5372,-0.0946,-15.365
1634,300150,世纪瑞尔,-0.4267,-0.0348,-0.9062,-0.2778,-27.7848
1635,300377,赢时胜,-0.4344,-0.0449,-1.7222,-0.5508,-58.4343
1636,300368,汇金股份,-0.4344,-0.0926,,-0.1951,-26.5252
1637,002197,证通电子,-0.4361,-0.0498,-10.032,-0.0993,-13.1217
1638,300745,欣锐科技,-0.4406,-0.0878,-2.9727,-0.2957,-31.5107
1639,000547,航天发展,-0.455,-0.0596,-2.5695,-0.2542,-26.0779
1640,600818,中路股份,-0.4558,-0.1016,-17.6555,-0.2475,-38.6456
1641,600583,海油工程,-0.4561,-0.0612,,-0.4102,-47.5207
1642,600365,通葡股份,-0.4595,-0.2317,-11.817,-0.9704,-98.928
1643,002235,安妮股份,-0.4649,-0.0619,-3.1887,-0.5345,-57.3394
1644,600517,置信电气,-0.465,-0.0927,,-0.1529,-15.9005
1645,300287,飞利信,-0.4773,-0.0757,-3.426,-0.2755,-28.6619
1646,002869,金溢科技,-0.4839,-0.0865,,-0.3696,-38.9782
1647,002290,中科新材,-0.4851,-0.1096,-7.9037,-0.1648,-16.8307
1648,600067,冠城大通,-0.4857,-0.0635,-8.2095,-0.099,-15.925
1649,300168,万达信息,-0.49,-0.0652,-6.8778,-0.1126,-14.0043
1650,002893,华通热力,-0.4909,-0.2084,-5.8229,-0.3977,-46.1003
1651,002642,荣之联,-0.4964,-0.0999,-268.8628,-0.325,-40.4528
1652,300450,先导智能,-0.5009,-0.1055,-2.2068,-0.1904,-20.3989
1653,300096,易联众,-0.503,-0.0662,,-0.1081,-14.4397
1654,300546,雄帝科技,-0.5046,-0.1269,-3.4132,-0.4474,-46.4108
1655,002657,中科金财,-0.5117,-0.0818,-5.0908,-0.2588,-27.7557
1656,300557,理工光科,-0.5254,-0.0285,,-0.1412,-15.1324
1657,601798,*ST蓝科,-0.5272,-0.0268,,-0.0592,-7.1332
1658,600455,博通股份,-0.529,-0.0757,-68.8706,-0.1085,-10.9
1659,000711,京蓝科技,-0.5308,-0.0586,-5.0735,-0.1046,-12.2859
1660,603711,香飘飘,-0.5335,-0.1909,,-0.7761,-83.7462
1661,002306,*ST云网,-0.5366,-0.254,,-0.2704,-27.0408
1662,002195,二三四五,-0.5439,-0.0674,-1.1678,-0.2959,-44.1971
1663,000666,经纬纺机,-0.545,-0.0491,-2.2397,-0.1045,-13.1209
1664,300484,蓝海华腾,-0.545,-0.092,-8.0238,-0.2749,-27.5048
1665,300274,阳光电源,-0.5507,-0.1326,-5.6135,-0.2439,-29.2594
1666,002473,*ST圣莱,-0.5539,-0.1067,-4.5239,-0.4884,-49.0234
1667,600576,祥源文化,-0.5551,-0.087,-4.5362,-0.6792,-80.7919
1668,000090,天健集团,-0.5765,-0.0785,-9.8995,-0.1047,-15.7904
1669,300264,佳创视讯,-0.5788,-0.0872,-27.4661,-0.2407,-24.6228
1670,002908,德生科技,-0.5797,-0.1313,-3.946,-0.8092,-81.9426
1671,603668,天马科技,-0.5819,-0.1914,-7.3034,-0.3723,-47.9421
1672,600238,*ST椰岛,-0.6177,-0.1253,,-0.2263,-35.9134
1673,300036,超图软件,-0.6181,-0.1396,-9.0865,-0.5472,-65.3935
1674,300167,迪威迅,-0.6184,-0.071,,-0.1908,-20.3073
1675,600883,博闻科技,-0.6273,-0.0183,-1.7841,-0.3546,-110.7953
1676,000069,华侨城A,-0.6281,-0.036,-4.0209,-0.0491,-8.5919
1677,002205,国统股份,-0.6293,-0.0585,,-0.0973,-11.9767
1678,002771,真视通,-0.6306,-0.2084,-10.552,-0.5768,-60.2306
1679,300545,联得装备,-0.661,-0.1757,-5.1875,-0.3463,-34.8776
1680,300330,华虹计通,-0.7931,-0.1092,,-0.44,-45.1662
1681,300525,博思软件,-0.8403,-0.1342,,-0.404,-47.8058
1682,600773,西藏城投,-0.8487,-0.0423,-10.2726,-0.0585,-17.3804
1683,600532,宏达矿业,-0.8772,-0.2579,,-0.6016,-74.0403
1684,300588,熙菱信息,-0.8989,-0.1276,,-0.1912,-19.4491
1685,000831,五矿稀土,-0.9018,-0.1173,-3.8352,-3.305,-345.7909
1686,002248,华东数控,-0.9232,-0.0288,,-0.0483,-5.1285
1687,002665,首航节能,-0.9466,-0.0316,-15.2435,-0.1694,-18.4881
1688,600209,*ST罗顿,-1.0798,-0.0342,,-0.2005,-20.0505
1689,002494,华斯股份,-1.1428,-0.0923,-22.6949,-0.3266,-39.2661
1690,000802,北京文化,-1.1631,-0.065,-8.0054,-0.5813,-58.7061
1691,002244,滨江集团,-1.1952,-0.149,-9.2254,-0.193,-27.4706
1692,600736,苏州高新,-1.2442,-0.0695,-4.8273,-0.1077,-15.6924
1693,600301,ST南化,-1.2537,-0.111,,-0.1446,-15.8323
1694,000608,阳光股份,-1.3001,-0.0297,-2.9389,-0.0649,-24.9048
1695,603636,南威软件,-1.3402,-0.1567,-16.6298,-0.4738,-54.2484
1696,300692,中环环保,-1.3467,-0.1488,-7.6944,-0.3794,-63.6634
1697,300471,厚普股份,-1.4549,-0.0919,,-0.2592,-25.9916
1698,600695,绿庭投资,-1.4616,-0.0324,,-0.1018,-23.9056
1699,600864,哈投股份,-2.059,-0.0341,,-0.0498,-7.4931
1700,000633,合金投资,-2.1009,-0.082,,-0.0964,-76.8259
1701,300397,天和防务,-2.3253,-0.1291,,-0.859,-99.8469
1702,000892,欢瑞世纪,-2.3391,-0.1382,-12.1582,-0.5173,-56.6314
1703,600385,山东金泰,-3.0828,-0.034,,-0.0529,-5.2876
1704,000534,万泽股份,-50.6427,-0.208,-38.7607,-0.5232,-59.053
1705,600733,SST前锋,-60.9376,-0.0637,,-0.1395,-18.1033
1706,601999,出版传媒,,-0.0765,,-0.194,-20.3081
1707,002839,张家港行,,-0.0479,-11.7315,-0.0525,
1708,000533,万家乐,,-0.0201,,-0.0396,-3.9827
1709,000728,国元证券,,0.0041,1.4899,0.0059,
1710,000783,长江证券,,0.097,27.7664,0.1284,
1711,600015,华夏银行,,-0.0425,-10.8028,-0.0457,
1712,002142,宁波银行,,-0.0354,-6.6646,-0.0377,
1713,000686,东北证券,,0.0417,10.1715,0.0563,
1714,601009,南京银行,,0.0037,0.7333,0.0039,
1715,601328,交通银行,,0.0082,1.859,0.0088,
1716,600030,中信证券,,0.0545,6.1563,0.0711,
1717,600901,江苏租赁,,-0.14,-12.3668,-0.1714,
1718,601628,中国人寿,,0.0145,2.6446,0.0163,
1719,601992,金隅集团,,,,,
1720,002673,西部证券,,0.0101,1.9851,0.0156,
1721,601838,成都银行,,0.005,1.1263,0.0054,
1722,000938,紫光股份,,,,,
1723,600308,华泰股份,,0.0535,,0.1194,15.9749
1724,600919,江苏银行,,-0.0495,-13.2266,-0.0529,
1725,601318,中国平安,,0.0236,2.4951,0.026,
1726,600318,新力金融,,,,,
1727,000166,申万宏源,,-0.0748,-11.91,-0.0942,
1728,000548,湖南投资,,,,,
1729,002500,山西证券,,-0.0227,-13.507,-0.0296,
1730,601878,浙商证券,,-0.015,-2.1297,-0.0196,
1731,002926,华西证券,,-0.0285,-2.8104,-0.0433,
1732,603727,博迈科,,-0.0432,,-0.3575,-52.6995
1733,000001,平安银行,,0.0022,0.5575,0.0024,
1734,601128,常熟银行,,0.031,6.5531,0.0335,
