,code,name,eps,eps_yoy,bvps,roe,epcf,net_profits,profits_yoy,distrib,report_date
0,002021,中捷资源,0.04,-166.67,,2.9,,2758.43,-162.99,,08-24
1,603567,珍宝岛,0.29,24.38,,5.18,,24816.85,24.38,,08-24
2,002606,大连电瓷,0.01,-89.0,,0.5,,449.77,-88.43,,08-24
3,002660,茂硕电源,0.01,-54.26,,0.28,,235.44,-54.74,,08-24
4,300422,博世科,0.3,99.6,,8.79,,10616.21,100.4,,08-24
5,600936,广西广电,0.05,-28.57,,2.28,,8243.69,-33.52,,08-24
6,600118,中国卫星,0.15,0.0,,3.42,,18024.44,2.2,,08-24
7,300596,利安隆,0.48,45.81,,9.18,,8621.31,49.98,,08-24
8,000545,金浦钛业,0.06,-35.82,,3.08,,6185.29,-35.87,,08-24
9,002475,立讯精密,0.26,-18.75,,6.19,,82582.79,21.11,,08-24
10,603329,上海雅仕,0.29,-19.44,,5.12,,3780.49,6.02,,08-24
11,002617,露笑科技,0.13,-41.74,,5.35,,14047.38,-12.25,,08-24
12,600685,中船防务,-0.21,-771.06,,-2.67,,-29498.21,-770.84,,08-24
13,300376,易事特,0.16,14.29,,7.99,,36338.61,14.47,,08-24
14,002696,百洋股份,0.13,54.05,,2.26,,5035.73,246.04,,08-24
15,002722,金轮股份,0.34,-2.86,,3.43,,5998.42,-3.52,,08-24
16,600839,四川长虹,0.04,9.25,,1.3,,16883.68,9.26,,08-24
17,002778,高科石化,0.16,-10.0,,2.3,,1442.75,-7.78,,08-24
18,300609,汇纳科技,0.14,28.43,,2.96,,1418.17,29.62,,08-24
19,000565,渝三峡A,0.06,-33.33,,2.56,,2706.18,-32.42,,08-24
20,600335,国机汽车,0.37,-24.3,,4.98,,38132.93,-24.24,,08-24
21,603223,恒通股份,0.21,-16.0,,4.35,,3890.2,29.13,,08-24
22,600581,八一钢铁,0.14,-72.88,,6.25,,21559.38,-46.3,,08-24
23,603536,惠发股份,0.07,-63.16,,1.74,,1113.3,-33.28,,08-24
24,002626,金达威,0.79,229.17,,18.23,,49002.22,228.58,,08-24
25,002652,扬子新材,0.07,-28.0,,4.97,,3706.92,-25.54,,08-24
26,300405,科隆股份,0.03,-71.8,,0.55,,523.86,-63.38,,08-24
27,600858,银座股份,0.14,42.35,,2.33,,7113.22,42.32,,08-24
28,600148,长春一东,0.15,40.44,,5.34,,2172.84,40.48,,08-24
29,002330,得利斯,0.0,31.82,,0.11,,145.67,30.1,,08-24
30,000656,金科股份,0.11,83.33,,3.39,,66666.15,46.33,,08-24
31,002421,达实智能,0.05,-5.72,,3.07,,9666.55,-6.66,,08-24
32,300027,华谊兄弟,0.1,-33.33,,2.84,,27737.11,-35.54,,08-24
33,002465,海格通信,0.08,33.33,,2.28,,18731.96,35.43,,08-24
34,600400,红豆股份,0.04,-85.71,,2.35,,10717.91,-78.49,,08-24
35,000852,石化机械,-0.14,-47.84,,-4.83,,-8288.85,-47.85,,08-24
36,600674,川投能源,0.26,-5.41,,5.32,,116293.72,-5.43,,08-24
37,300314,戴维医疗,0.09,-33.33,,3.19,,2523.79,-33.3,,08-24
38,600742,一汽富维,0.51,-26.09,,5.51,,25811.54,-11.44,,08-24
39,300494,盛天网络,0.16,-10.86,,3.85,,3749.65,-10.82,,08-24
40,002822,中装建设,0.14,27.27,,3.91,,8112.31,22.01,,08-24
41,600252,中恒集团,0.1,-9.09,,5.91,,33701.11,-12.81,,08-24
42,300009,安科生物,0.13,-19.8,,7.61,,13010.68,12.41,,08-24
43,000811,冰轮环境,0.17,-48.48,,3.94,,10983.8,-24.64,,08-24
44,600419,天润乳业,0.34,-41.38,,8.13,,6967.82,16.42,,08-24
45,603648,畅联股份,0.24,-18.93,,5.46,,8668.3,6.81,,08-24
46,002096,南岭民爆,0.03,-20.05,,0.6,,1215.19,-19.93,,08-24
47,300327,中颖电子,0.35,15.8,,9.77,,8014.72,29.1,,08-24
48,603803,瑞斯康达,0.1,-52.38,,1.68,,4193.25,-47.62,,08-24
49,002167,东方锆业,0.02,-33.33,,1.33,,1390.41,-11.51,,08-24
50,000028,国药一致,1.5,15.47,,6.62,,64172.7,15.39,,08-24
51,002900,哈三联,0.46,-9.8,,7.56,,14443.24,78.14,,08-24
52,000698,沈阳化工,0.08,-40.29,,1.53,,6762.54,-40.83,,08-24
53,600303,曙光股份,0.03,-94.83,,0.55,,1702.05,-95.69,,08-24
54,002459,天业通联,0.02,159.52,,0.67,,849.06,158.82,,08-24
55,603300,华铁科技,0.09,28.57,,2.85,,3989.34,40.53,,08-24
56,600516,方大炭素,1.77,638.81,,28.06,,316656.06,668.85,,08-24
57,300232,洲明科技,0.26,19.88,,10.61,,20113.71,47.53,,08-24
58,603528,多伦科技,0.12,16.29,,5.51,,7655.81,16.32,,08-24
59,002595,豪迈科技,0.44,-5.05,,8.75,,35222.15,-5.06,,08-24
60,000028,国药一致,1.5,15.47,,6.62,,64172.7,15.39,,08-24
61,002900,哈三联,0.46,-9.8,,7.56,,14443.24,78.14,,08-24
62,000698,沈阳化工,0.08,-40.29,,1.53,,6762.54,-40.83,,08-24
63,600303,曙光股份,0.03,-94.83,,0.55,,1702.05,-95.69,,08-24
64,002459,天业通联,0.02,159.52,,0.67,,849.06,158.82,,08-24
65,603300,华铁科技,0.09,28.57,,2.85,,3989.34,40.53,,08-24
66,600516,方大炭素,1.77,638.81,,28.06,,316656.06,668.85,,08-24
67,603648,畅联股份,0.24,-18.93,,5.46,,8668.3,6.81,,08-24
68,002096,南岭民爆,0.03,-20.05,,0.6,,1215.19,-19.93,,08-24
69,300327,中颖电子,0.35,15.8,,9.77,,8014.72,29.1,,08-24
70,300403,地尔汉宇,0.11,-63.52,,4.19,,6333.29,-34.31,10派1.5,08-24
71,002229,鸿博股份,-0.02,-44.11,,-0.57,,-931.26,-43.96,,08-24
72,601137,博威合金,0.26,13.04,,4.79,,16311.21,11.37,,08-24
73,002300,太阳电缆,0.08,8.71,,3.06,,4130.36,3.09,,08-24
74,000639,西王食品,0.37,19.35,,4.83,,20454.42,45.43,,08-24
75,300750,宁德时代,0.47,-52.17,,3.63,,91095.43,-50.94,,08-24
76,603238,诺邦股份,0.21,10.53,,3.12,,2460.5,17.17,,08-24
77,300232,洲明科技,0.26,19.88,,10.61,,20113.71,47.53,,08-24
78,603528,多伦科技,0.12,16.29,,5.51,,7655.81,16.32,,08-24
79,002595,豪迈科技,0.44,-5.05,,8.75,,35222.15,-5.06,,08-24
80,002079,苏州固锝,0.05,-27.03,,2.53,,3935.3,-26.48,,08-24
81,300304,云意电气,0.07,-22.22,,3.74,,6522.07,-16.0,,08-24
82,600741,华域汽车,1.51,47.71,,11.07,,477384.89,47.67,,08-24
83,603833,欧派家居,1.31,24.76,,8.46,,55004.21,32.83,,08-24
84,002711,欧浦智网,0.18,-18.18,,10.81,,18870.41,-20.18,,08-24
85,300414,中光防雷,0.13,11.96,,2.72,,2223.69,12.8,,08-24
86,300452,山河药辅,0.24,-11.11,,7.31,,3349.1,33.2,,08-24
87,600161,天坛生物,0.28,-80.14,,6.38,,24027.32,-74.58,,08-24
88,603040,新坐标,0.65,-25.29,,8.36,,5070.09,15.71,,08-24
89,000719,中原传媒,0.34,6.25,,4.74,,34395.17,6.38,,08-24
90,603099,长白山,-0.16,14.29,,-4.52,,-4186.14,10.7,,08-24
91,002603,以岭药业,0.37,32.14,,5.98,,44806.6,32.06,,08-24
92,002129,中环股份,0.11,9.56,,2.51,,30004.52,9.49,,08-24
93,002690,美亚光电,0.25,19.75,,7.67,,16967.79,19.74,,08-24
94,002191,劲嘉股份,0.25,8.7,,5.82,,37901.7,25.06,,08-24
95,300427,红相股份,0.34,580.79,,6.28,,12122.45,746.08,,08-24
96,000695,滨海能源,-0.06,-14.29,,-2.9,,-1393.44,-8.1,,08-24
97,603129,春风动力,0.53,-13.11,,7.76,,7209.37,18.86,,08-24
98,002531,天顺风能,0.14,0.0,,4.85,,24131.8,0.19,,08-24
99,600515,海航基础,0.21,-21.9,,2.58,,82770.16,-21.89,,08-24
100,002641,永高股份,0.07,16.67,,3.04,,8308.2,31.52,,08-24
101,603712,七一二,0.07,-8.27,,2.74,,5327.11,0.85,,08-24
102,002671,龙泉股份,0.02,-125.0,,0.37,,790.04,-120.15,,08-24
103,002726,龙大肉食,0.11,-63.33,,4.4,,8678.44,-34.84,,08-24
104,300436,广生堂,0.03,-84.07,,0.78,,432.74,-84.13,,08-24
105,002226,江南化工,0.09,24.86,,1.96,,10792.31,71.18,,08-24
106,300473,德尔股份,0.97,57.39,,5.84,,9885.7,55.95,10派3,08-24
107,600030,中信证券,0.46,12.2,12.38,3.65,,556515.2,12.96,,08-24
108,300510,金冠股份,0.28,55.56,,2.23,,7089.38,120.01,,08-24
109,600101,明星电力,0.17,26.32,,2.59,,5454.78,26.58,,08-24
110,002813,路畅科技,-0.09,-164.29,,-1.62,,-1054.66,-161.35,,08-24
111,601128,常熟银行,0.32,23.08,,6.27,,71113.2,24.55,,08-24
112,000400,许继电气,0.13,-17.72,,1.61,,13197.98,-17.75,,08-24
113,600138,中青旅,0.56,16.74,,7.0,,40489.12,16.73,,08-24
114,002463,沪电股份,0.12,95.67,,5.52,,19655.13,90.87,,08-24
115,600396,金山股份,-0.13,44.32,,-7.12,,-18517.46,44.31,,08-24
116,600446,金证股份,0.09,258.02,,4.03,,7420.52,265.25,,08-24
117,002537,海联金汇,0.16,14.29,,2.78,,19478.7,9.5,,08-24
118,002042,华孚时尚,0.36,-25.0,,7.71,,55233.55,25.88,,08-24
119,600691,阳煤化工,0.06,69.45,,2.62,,10323.04,69.19,,08-24
120,603690,至纯科技,0.09,-24.17,,4.57,,1907.62,-23.71,,08-24
121,603776,永安行,0.48,-43.53,,3.88,,6454.16,5.19,,08-24
122,002162,悦心健康,0.01,-31.94,,0.95,,835.97,-31.77,,08-24
123,002219,恒康医疗,0.04,-56.26,,1.71,,7231.7,-56.3,,08-24
124,002775,文科园林,0.48,14.44,,7.07,,12990.67,25.48,,08-24
125,601020,华钰矿业,0.22,-8.33,,6.29,,11728.78,-5.58,,08-24
126,300537,广信材料,0.16,6.67,,2.42,,3090.28,29.4,,08-24
127,000547,航天发展,0.12,50.0,,3.05,,16779.03,44.85,,08-24
128,002871,伟隆股份,0.26,-51.85,,5.4,,3045.22,5.36,,08-24
129,002379,宏创控股,0.0,-84.42,,0.35,,441.05,-84.52,,08-24
130,002918,蒙娜丽莎,0.56,-45.63,,5.84,,13330.95,9.41,,08-24
131,002478,常宝股份,0.21,162.5,,5.43,,20624.2,233.22,,08-24
132,603331,百达精工,0.32,-15.79,,5.84,,4039.83,12.4,,08-24
133,002590,万安科技,0.14,-6.67,,3.49,,6627.18,-6.82,,08-24
134,600641,万业企业,1.1,-43.69,,14.06,,88834.18,-43.68,,08-24
135,300333,兆日科技,0.04,-28.21,,1.43,,1221.39,-28.35,,08-24
136,002670,国盛金控,-0.09,-189.36,,-1.39,,-17460.8,-215.88,,08-24
137,603811,诚意药业,0.53,32.5,,7.31,,4501.2,49.8,,08-24
138,600884,杉杉股份,0.42,37.42,,4.45,,46560.94,37.33,,08-24
139,600979,广安爱众,0.13,-17.34,,3.28,,12198.19,-18.85,,08-24
140,002324,普利特,0.22,-52.17,,3.83,,8806.0,-29.5,,08-24
141,601699,潞安环能,0.47,23.68,,6.38,,139132.39,21.78,,08-24
142,000570,苏常柴A,0.03,-57.14,,0.86,,1863.86,-53.03,,08-24
143,601985,中国核电,0.17,1.22,,5.76,,257905.35,1.33,,08-24
144,000795,英洛华,0.02,-63.04,,0.9,,1882.12,-63.9,,08-24
145,600444,国机通用,0.12,71.43,,3.46,,1794.41,75.01,,08-24
146,002049,紫光国微,0.2,-3.05,,3.34,,11973.56,-3.03,,08-24
147,300268,佳沃股份,0.05,-218.39,,3.26,,708.02,-218.34,,08-24
148,002177,御银股份,0.01,-75.0,,0.26,,446.66,-75.14,,08-24
149,002735,王子新材,0.21,-12.5,,3.11,,1651.47,-14.36,,08-24
150,600862,中航高科,,,,3.55,,12630.49,-41.01,,08-24
151,600111,北方稀土,0.06,94.48,,2.43,,21773.72,94.48,,08-24
152,600151,航天机电,-0.12,-11.99,,-3.1,,-17466.27,-12.02,,08-24
153,601588,北辰实业,0.19,0.0,,4.96,,63777.35,2.36,,08-24
154,002334,英威腾,0.13,5.81,,5.44,,9626.87,5.88,,08-24
155,000666,经纬纺机,0.43,-39.44,,3.89,,30083.68,-39.8,,08-24
156,002393,力生制药,0.38,-11.63,,2.21,,6879.8,-12.23,,08-24
157,603089,正裕工业,0.2,-53.49,,2.97,,2111.45,-53.67,,08-24
158,600409,三友化工,0.57,9.81,,11.21,,117874.47,22.51,,08-24
159,000859,国风塑业,0.06,73.85,,2.81,,4178.12,74.06,,08-24
160,300120,经纬辉开,0.13,76.21,,2.79,,5216.79,233.31,,08-24
161,603366,日出东方,-0.02,-119.5,,-0.42,,-1562.71,-120.53,,08-24
162,300243,瑞丰高材,0.26,271.43,,10.05,,5429.52,266.45,,08-24
163,002608,江苏国信,0.31,19.23,,5.49,,102792.53,19.66,,08-24
164,300393,中来股份,0.28,-66.67,,2.59,,6636.79,-56.87,,08-24
165,603848,好太太,0.28,40.0,,9.7,,11098.62,55.58,,08-24
166,002715,登云股份,0.06,108.33,,1.12,,537.11,102.79,,08-24
167,002238,天威视讯,0.17,-18.81,,3.82,,10630.95,-18.81,,08-24
168,300535,达威股份,0.2,-54.09,,3.05,,2049.85,-21.17,,08-24
169,300566,激智科技,0.21,-30.0,,3.94,,2560.26,5.98,,08-24
170,300602,飞荣达,0.35,-7.89,,6.94,,7004.46,94.11,,08-24
171,600257,大湖股份,0.02,6.79,,0.64,,832.88,6.69,,08-24
172,002896,中大力德,0.45,-6.25,,6.59,,3606.8,25.77,,08-24
173,603022,新通联,0.11,35.63,,3.62,,2171.4,37.39,,08-24
174,300721,怡达股份,0.29,-44.05,,2.66,,2292.45,-25.38,,08-24
175,002430,杭氧股份,0.35,191.67,,7.04,,33807.64,243.79,,08-24
176,600462,九有股份,-0.01,-390.63,,-1.68,,-498.32,-395.43,,08-24
177,002529,海源机械,0.1,0.7,,1.66,,2618.12,0.56,,08-24
178,600511,国药股份,0.83,5.62,,7.48,,63592.52,14.81,,08-24
179,002588,史丹利,0.15,-16.67,,3.97,,16839.72,-17.6,,08-24
180,002072,凯瑞德,-0.06,-450.0,,-17.51,,-977.97,-458.1,,08-24
181,300330,华虹计通,,,,-1.92,,,,,08-24
182,600801,华新水泥,1.38,181.63,,16.16,,206791.79,184.07,,08-24
183,300434,金石东方,0.22,120.0,,1.96,,4983.69,259.31,10转8,08-24
184,600132,重庆啤酒,0.43,30.3,,17.43,,20987.33,29.74,,08-24
185,601689,拓普集团,0.6,3.45,,6.53,,43679.48,12.86,,08-24
186,002877,智能自控,0.11,-51.75,,4.01,,2383.45,7.86,,08-24
187,000702,正虹科技,0.12,-1224.76,,6.47,,3148.72,-1229.23,,08-24
188,300739,明阳电路,0.24,-62.5,,3.96,,4257.38,-28.06,,08-24
189,300092,科新机电,0.03,50.0,,1.17,,642.94,29.73,,08-24
190,000906,浙商中拓,0.16,-5.88,,5.46,,12694.63,47.93,,08-24
191,002627,宜昌交运,0.24,1.13,,2.22,,4492.86,40.24,,08-24
192,600697,欧亚集团,0.81,-3.57,,5.33,,12806.94,-3.64,,08-24
193,603666,亿嘉和,1.16,54.28,,17.91,,6096.16,54.28,,08-24
194,300346,南大光电,0.11,-9.02,,2.38,,2895.42,54.69,,08-24
195,300409,道氏技术,0.65,103.13,,9.56,,14071.47,105.97,,08-24
196,002232,启明信息,0.06,274.15,,1.81,,2246.68,272.94,,08-24
197,600150,*ST船舶,0.15,-1157.14,,1.45,,20335.99,-1130.22,,08-24
198,600206,有研新材,0.04,10.26,,1.28,,3681.68,11.63,,08-24
199,300657,弘信电子,0.42,-10.64,,8.14,,4359.93,12.1,,08-24
200,002468,申通快递,0.57,16.33,,9.39,,86749.51,16.21,,08-24
201,002520,日发精机,0.09,28.57,,2.88,,5119.4,31.3,,08-24
202,600502,安徽水利,0.17,-29.17,,3.56,,28944.23,0.74,,08-24
203,603365,水星家纺,0.45,-10.0,,5.93,,11967.0,20.86,,08-24
204,002215,诺普信,0.31,19.81,,13.68,,28477.33,21.32,,08-23
205,002237,恒邦股份,0.25,13.64,,5.23,,22645.15,14.69,,08-23
206,002824,和胜股份,0.1,-65.52,,2.49,,1856.08,-48.71,,08-23
207,601878,浙商证券,0.12,-33.33,,2.94,,40113.64,-23.85,,08-23
208,300677,英科医疗,0.35,-58.33,,6.1,,6910.99,13.29,,08-23
209,000892,欢瑞世纪,0.05,-226.49,,1.59,,5011.31,-226.44,,08-23
210,600461,洪城水业,0.21,31.25,,4.97,,16373.52,31.15,,08-23
211,002527,新时达,0.04,-76.3,,0.78,,2348.15,-76.33,,08-23
212,603515,欧普照明,0.62,37.78,,9.36,,35792.89,38.37,,08-23
213,002069,獐子岛,0.02,-47.5,,4.11,,1464.66,-52.41,,08-23
214,002667,鞍重股份,0.06,-45.45,,1.85,,1416.44,-3.94,,08-23
215,603808,歌力思,0.48,-2.04,,7.33,,16146.61,32.28,,08-23
216,300397,天和防务,-0.22,-357.6,,-4.12,,-5248.16,-357.68,,08-23
217,300430,诚益通,0.18,-47.06,,3.1,,4824.18,39.24,,08-23
218,600880,博瑞传播,0.02,-171.68,,0.49,,1789.34,-158.65,,08-23
219,002242,九阳股份,0.48,2.55,,9.84,,37004.04,2.44,,08-23
220,002273,水晶光电,0.3,30.43,,7.13,,25645.17,66.56,,08-23
221,002810,山东赫达,0.28,-3.76,,4.63,,3200.09,14.04,,08-23
222,601086,国芳集团,0.12,-20.0,,4.66,,8307.87,11.86,,08-23
223,603133,碳元科技,0.15,0.0,,3.5,,3139.56,17.23,,08-23
224,600478,科力远,-0.03,-46.43,,-2.1,,-4338.5,-43.99,,08-23
225,002673,西部证券,0.07,-50.31,,1.42,,25097.11,-42.63,,08-23
226,000050,深天马A,0.41,28.75,,3.31,,84014.15,87.64,,08-23
227,002816,和科达,0.07,-16.41,,1.35,,708.33,-16.36,,08-23
228,601368,绿城水务,0.22,-1.86,,5.08,,15900.47,-1.84,,08-23
229,002059,云南旅游,0.0,-81.54,,0.23,,349.89,-81.62,,08-23
230,002604,*ST龙力,-0.25,-352.8,,,,-15153.99,-348.96,,08-23
231,002633,申科股份,-0.02,-0.0,,-0.6,,-309.76,33.51,,08-23
232,600703,三安光电,0.45,21.62,,8.95,,185292.12,22.32,,08-23
233,603838,四通股份,0.13,30.0,,5.18,,3591.46,29.68,,08-23
234,600823,世茂股份,0.38,2.7,,6.42,,144215.71,3.26,,08-23
235,601608,中信重工,0.01,197.96,,0.88,,6344.12,198.47,,08-23
236,300595,欧普康视,0.38,-24.62,,9.84,,8344.94,42.8,,08-23
237,002866,传艺科技,0.34,3.03,,5.41,,4954.86,23.81,,08-23
238,300673,佩蒂股份,0.57,-9.84,,7.77,,6815.82,80.23,,08-23
239,000682,东方电子,0.04,63.43,,2.33,,4551.84,73.76,,08-23
240,603320,迪贝电气,0.23,-37.84,,3.89,,2342.54,-23.37,,08-23
241,002046,轴研科技,0.04,-310.48,,0.89,,2270.82,-405.68,,08-23
242,002111,威海广泰,0.33,17.86,,4.71,,12568.64,15.77,,08-23
243,002215,诺普信,0.31,19.81,,13.68,,28477.33,21.32,,08-23
244,002237,恒邦股份,0.25,13.64,,5.23,,22645.15,14.69,,08-23
245,002824,和胜股份,0.1,-65.52,,2.49,,1856.08,-48.71,,08-23
246,601878,浙商证券,0.12,-33.33,,2.94,,40113.64,-23.85,,08-23
247,300677,英科医疗,0.35,-58.33,,6.1,,6910.99,13.29,,08-23
248,000892,欢瑞世纪,0.05,-226.49,,1.59,,5011.31,-226.44,,08-23
249,600461,洪城水业,0.21,31.25,,4.97,,16373.52,31.15,,08-23
250,002527,新时达,0.04,-76.3,,0.78,,2348.15,-76.33,,08-23
251,300430,诚益通,0.18,-47.06,,3.1,,4824.18,39.24,,08-23
252,600880,博瑞传播,0.02,-171.68,,0.49,,1789.34,-158.65,,08-23
253,002242,九阳股份,0.48,2.55,,9.84,,37004.04,2.44,,08-23
254,002273,水晶光电,0.3,30.43,,7.13,,25645.17,66.56,,08-23
255,002810,山东赫达,0.28,-3.76,,4.63,,3200.09,14.04,,08-23
256,601086,国芳集团,0.12,-20.0,,4.66,,8307.87,11.86,,08-23
257,603133,碳元科技,0.15,0.0,,3.5,,3139.56,17.23,,08-23
258,600478,科力远,-0.03,-46.43,,-2.1,,-4338.5,-43.99,,08-23
259,603515,欧普照明,0.62,37.78,,9.36,,35792.89,38.37,,08-23
260,002069,獐子岛,0.02,-47.5,,4.11,,1464.66,-52.41,,08-23
261,002667,鞍重股份,0.06,-45.45,,1.85,,1416.44,-3.94,,08-23
262,603808,歌力思,0.48,-2.04,,7.33,,16146.61,32.28,,08-23
263,300397,天和防务,-0.22,-357.6,,-4.12,,-5248.16,-357.68,,08-23
264,000050,深天马A,0.41,28.75,,3.31,,84014.15,87.64,,08-23
265,002816,和科达,0.07,-16.41,,1.35,,708.33,-16.36,,08-23
266,601368,绿城水务,0.22,-1.86,,5.08,,15900.47,-1.84,,08-23
267,002673,西部证券,0.07,-50.31,,1.42,,25097.11,-42.63,,08-23
268,601608,中信重工,0.01,197.96,,0.88,,6344.12,198.47,,08-23
269,300595,欧普康视,0.38,-24.62,,9.84,,8344.94,42.8,,08-23
270,002866,传艺科技,0.34,3.03,,5.41,,4954.86,23.81,,08-23
271,300673,佩蒂股份,0.57,-9.84,,7.77,,6815.82,80.23,,08-23
272,000682,东方电子,0.04,63.43,,2.33,,4551.84,73.76,,08-23
273,002498,汉缆股份,0.02,-60.0,,1.68,,7823.81,-50.23,,08-23
274,002526,山东矿机,0.07,153.57,,3.21,,7432.7,396.45,10转7,08-23
275,002550,千红制药,0.13,13.74,,6.58,,16345.21,13.51,,08-23
276,002059,云南旅游,0.0,-81.54,,0.23,,349.89,-81.62,,08-23
277,002604,*ST龙力,-0.25,-352.8,,,,-15153.99,-348.96,,08-23
278,002633,申科股份,-0.02,-0.0,,-0.6,,-309.76,33.51,,08-23
279,600703,三安光电,0.45,21.62,,8.95,,185292.12,22.32,,08-23
280,603838,四通股份,0.13,30.0,,5.18,,3591.46,29.68,,08-23
281,600823,世茂股份,0.38,2.7,,6.42,,144215.71,3.26,,08-23
282,002777,久远银海,0.26,-40.91,,5.34,,4344.93,24.29,,08-23
283,002320,海峡股份,0.33,-5.71,,5.27,,19016.47,8.15,,08-23
284,000629,攀钢钒钛,0.13,176.65,,23.57,,115042.06,176.65,,08-23
285,002435,长江润发,0.22,-27.9,,3.52,,18649.57,22.34,,08-23
286,002480,新筑股份,0.04,-134.94,,1.07,,2496.18,-135.19,,08-23
287,002508,老板电器,0.7,11.11,,12.07,,66033.95,10.47,,08-23
288,002001,新和成,0.96,77.78,,13.87,,205854.44,251.32,,08-23
289,600570,恒生电子,0.49,32.43,,9.43,,30034.83,31.37,,08-23
290,603585,苏利股份,0.85,11.84,,9.56,,15261.34,34.64,,08-23
291,600684,珠江实业,0.28,-12.5,,7.89,,23789.21,3.52,,08-23
292,002329,皇氏集团,-0.09,-181.31,,-2.67,,-7257.8,-181.39,,08-23
293,300698,万马科技,0.04,-84.0,,1.34,,511.88,-79.87,,08-23
294,002464,众应互联,0.33,-5.71,,7.5,,10687.71,29.64,,08-23
295,002518,科士达,0.26,0.0,,6.56,,15385.23,3.44,,08-23
296,002566,益盛药业,0.12,31.89,,2.16,,3928.24,33.82,,08-23
297,603880,南卫股份,0.3,-18.92,,6.98,,3844.56,38.16,,08-23
298,600062,华润双鹤,0.56,-6.69,,7.53,,58321.6,11.98,,08-23
299,002845,同兴达,0.36,-53.85,,7.02,,7201.34,-0.19,,08-23
300,300481,濮阳惠成,0.21,-4.55,,7.57,,5229.43,46.83,,08-23
301,600209,*ST罗顿,-0.04,19.44,,-3.12,,-1902.84,19.33,,08-23
302,002870,香山股份,0.12,-73.91,,1.69,,1370.3,-66.19,,08-23
303,002378,章源钨业,0.02,100.0,,0.88,,1736.7,236.63,,08-23
304,000723,美锦能源,0.13,6.38,,6.78,,54243.15,8.07,10派2,08-23
305,600565,迪马股份,0.08,60.0,,2.42,,18298.09,64.94,,08-23
306,603499,翔港科技,0.26,-23.01,,4.95,,2556.97,2.64,,08-23
307,002062,宏润建设,0.14,27.27,,5.42,,15272.96,26.7,,08-23
308,603689,皖天然气,0.26,30.0,,4.55,,8735.92,35.39,,08-23
309,300456,耐威科技,0.2,56.73,,3.96,,5663.41,135.09,,08-23
310,002264,新华都,0.01,-83.63,,0.43,,701.5,-83.23,,08-23
311,600178,东安动力,0.03,-66.78,,0.69,,1307.22,-66.8,,08-23
312,002351,漫步者,0.07,-39.9,,2.35,,4214.06,-39.91,,08-23
313,002923,润都股份,0.45,-27.42,,6.5,,5218.01,12.76,,08-23
314,600479,千金药业,0.16,23.73,,3.53,,6741.98,48.44,,08-23
315,603516,淳中科技,0.35,-47.76,,6.45,,4442.64,-5.86,,08-23
316,002618,丹邦科技,0.03,44.81,,0.99,,1683.87,44.87,,08-23
317,002170,芭田股份,0.0,-64.29,,0.21,,404.75,-64.04,,08-23
318,002751,易尚展示,0.14,144.12,,2.95,,2131.49,158.64,,08-23
319,002831,裕同科技,0.67,-14.49,,5.23,,26620.29,-14.49,,08-23
320,002855,捷荣技术,0.11,-15.38,,2.11,,2549.23,-4.74,,08-23
321,000589,黔轮胎A,0.04,300.0,,0.88,,3081.91,269.04,,08-23
322,600279,重庆港九,0.09,-3.3,,1.66,,6115.6,-2.98,,08-23
323,000856,冀东装备,0.09,350.0,,6.83,,2080.21,323.8,,08-23
324,603320,迪贝电气,0.23,-37.84,,3.89,,2342.54,-23.37,,08-23
325,002046,轴研科技,0.04,-310.48,,0.89,,2270.82,-405.68,,08-23
326,002111,威海广泰,0.33,17.86,,4.71,,12568.64,15.77,,08-23
327,300446,乐凯新材,0.37,0.62,,7.91,,4587.04,0.63,,08-23
328,601139,深圳燃气,0.22,-15.38,3.04,7.0,0.31,63839.47,11.6,,08-23
329,601518,吉林高速,0.1,0.0,,3.9,,11742.78,-5.8,,08-23
330,601878,浙商证券,0.12,-33.33,,2.94,,40113.64,-23.85,,08-23
331,300677,英科医疗,0.35,-58.33,,6.1,,6910.99,13.29,,08-23
332,000892,欢瑞世纪,0.05,-226.49,,1.59,,5011.31,-226.44,,08-23
333,600461,洪城水业,0.21,31.25,,4.97,,16373.52,31.15,,08-23
334,002527,新时达,0.04,-76.3,,0.78,,2348.15,-76.33,,08-23
335,002215,诺普信,0.31,19.81,,13.68,,28477.33,21.32,,08-23
336,002237,恒邦股份,0.25,13.64,,5.23,,22645.15,14.69,,08-23
337,002824,和胜股份,0.1,-65.52,,2.49,,1856.08,-48.71,,08-23
338,603133,碳元科技,0.15,0.0,,3.5,,3139.56,17.23,,08-23
339,600478,科力远,-0.03,-46.43,,-2.1,,-4338.5,-43.99,,08-23
340,603515,欧普照明,0.62,37.78,,9.36,,35792.89,38.37,,08-23
341,002069,獐子岛,0.02,-47.5,,4.11,,1464.66,-52.41,,08-23
342,002667,鞍重股份,0.06,-45.45,,1.85,,1416.44,-3.94,,08-23
343,603808,歌力思,0.48,-2.04,,7.33,,16146.61,32.28,,08-23
344,300397,天和防务,-0.22,-357.6,,-4.12,,-5248.16,-357.68,,08-23
345,300430,诚益通,0.18,-47.06,,3.1,,4824.18,39.24,,08-23
346,600880,博瑞传播,0.02,-171.68,,0.49,,1789.34,-158.65,,08-23
347,002242,九阳股份,0.48,2.55,,9.84,,37004.04,2.44,,08-23
348,002273,水晶光电,0.3,30.43,,7.13,,25645.17,66.56,,08-23
349,002810,山东赫达,0.28,-3.76,,4.63,,3200.09,14.04,,08-23
350,601086,国芳集团,0.12,-20.0,,4.66,,8307.87,11.86,,08-23
351,002673,西部证券,0.07,-50.31,,1.42,,25097.11,-42.63,,08-23
352,000050,深天马A,0.41,28.75,,3.31,,84014.15,87.64,,08-23
353,002816,和科达,0.07,-16.41,,1.35,,708.33,-16.36,,08-23
354,601368,绿城水务,0.22,-1.86,,5.08,,15900.47,-1.84,,08-23
355,002866,传艺科技,0.34,3.03,,5.41,,4954.86,23.81,,08-23
356,300673,佩蒂股份,0.57,-9.84,,7.77,,6815.82,80.23,,08-23
357,000682,东方电子,0.04,63.43,,2.33,,4551.84,73.76,,08-23
358,002498,汉缆股份,0.02,-60.0,,1.68,,7823.81,-50.23,,08-23
359,002526,山东矿机,0.07,153.57,,3.21,,7432.7,396.45,10转7,08-23
360,002046,轴研科技,0.04,-310.48,,0.89,,2270.82,-405.68,,08-23
361,002111,威海广泰,0.33,17.86,,4.71,,12568.64,15.77,,08-23
362,300446,乐凯新材,0.37,0.62,,7.91,,4587.04,0.63,,08-23
363,601139,深圳燃气,0.22,-15.38,3.04,7.0,0.31,63839.47,11.6,,08-23
364,601518,吉林高速,0.1,0.0,,3.9,,11742.78,-5.8,,08-23
365,000589,黔轮胎A,0.04,300.0,,0.88,,3081.91,269.04,,08-23
366,600279,重庆港九,0.09,-3.3,,1.66,,6115.6,-2.98,,08-23
367,000856,冀东装备,0.09,350.0,,6.83,,2080.21,323.8,,08-23
368,603320,迪贝电气,0.23,-37.84,,3.89,,2342.54,-23.37,,08-23
369,600593,大连圣亚,0.08,26.81,,1.87,,826.16,35.23,,08-22
370,002060,粤水电,0.05,21.96,,2.27,,6278.81,22.11,,08-22
371,600675,中华企业,0.18,-11.76,,7.47,,83351.06,118.95,,08-22
372,600706,曲江文旅,0.4,42.86,,7.25,,7138.94,40.82,,08-22
373,300316,晶盛机电,0.22,57.14,,7.71,,28509.33,101.2,,08-22
374,600746,江苏索普,-0.01,-104.46,,-0.54,,-270.01,-104.46,,08-22
375,300368,汇金股份,0.02,-158.6,,0.99,,905.75,-158.45,,08-22
376,600784,鲁银投资,0.13,1200.0,,4.97,,7298.92,1173.97,,08-22
377,002289,宇顺电子,-0.12,-36.73,,-7.55,,-3427.62,-5.08,,08-22
378,601216,君正集团,0.17,56.53,,8.78,,144614.56,56.46,10派1.6,08-22
379,600220,江苏阳光,0.02,17.17,,1.98,,4139.17,17.3,,08-22
380,000721,西安饮食,-0.0,86.36,,-0.31,,-205.19,88.18,,08-22
381,603496,恒为科技,0.33,-27.94,,6.79,,4608.3,35.91,,08-22
382,002034,旺能环境,0.3,500.0,,3.66,,12400.82,2015.83,,08-22
383,002097,山河智能,0.28,154.58,,6.93,,29952.74,255.99,,08-22
384,000633,合金投资,-0.02,-37.27,,-5.98,,-919.1,-37.29,,08-22
385,002901,大博医疗,0.44,18.92,,13.61,,17528.34,33.12,,08-22
386,603027,千禾味业,0.42,76.48,,11.98,,13548.14,79.8,,08-22
387,000701,厦门信达,-0.0,-143.18,,-0.02,,5846.42,10.04,,08-22
388,603339,四方科技,0.39,18.18,,5.42,,8173.78,18.17,,08-22
389,600517,置信电气,-0.06,-220.0,,-2.35,,-8229.53,-220.55,,08-22
390,002568,百润股份,0.11,37.5,,4.31,,7871.36,0.69,10派1.2,08-22
391,603818,曲美家居,0.15,-31.82,,4.38,,7047.61,-33.33,,08-22
392,002175,东方网络,-0.09,-334.87,,-6.82,,-6907.89,-335.01,,08-22
393,002731,萃华珠宝,0.26,-10.34,,3.27,,3914.29,-9.92,,08-22
394,603999,读者传媒,0.02,-79.75,,0.83,,1401.63,-59.96,,08-22
395,002363,隆基机械,0.12,9.09,,2.26,,5111.04,19.09,,08-22
396,002883,中设股份,0.48,-4.0,,6.47,,2540.42,21.15,,08-22
397,002909,集泰股份,0.05,-73.68,,1.73,,844.16,-51.07,,08-22
398,000963,华东医药,0.89,-17.2,,14.31,,129338.92,24.19,,08-22
399,002152,广电运通,0.14,-36.36,,3.8,,34400.21,-35.37,,08-22
400,603966,法兰泰克,0.13,-20.13,,3.17,,2671.42,8.65,,08-22
401,000017,深中华A,0.0,-132.26,,3.43,,55.42,-132.76,,08-22
402,000069,华侨城A,0.25,16.19,,3.8,,201378.35,16.16,,08-22
403,002473,*ST圣莱,0.06,-173.64,,3.15,,907.2,-173.76,,08-22
404,300067,安诺其,0.14,53.56,,6.37,,10031.38,62.92,,08-22
405,600508,上海能源,0.83,59.62,,6.55,,60301.78,58.96,,08-22
406,002615,哈尔斯,0.12,-36.84,,5.97,,4958.46,-34.91,,08-22
407,300288,朗玛信息,0.15,-81.48,,4.05,,5013.44,-81.66,,08-22
408,002665,首航节能,0.01,-83.4,,0.29,,2119.38,-77.2,,08-22
409,002241,歌尔股份,0.14,-39.13,,2.95,,44491.66,-38.11,,08-22
410,002828,贝肯能源,0.17,13.33,,2.24,,2031.54,12.19,,08-22
411,002875,安奈儿,0.42,-25.0,,6.75,,5539.96,24.62,,08-22
412,002407,多氟多,0.2,-16.67,,4.57,,13082.9,-13.26,10派1.5,08-22
413,603222,济民制药,0.09,50.0,,3.52,,2841.57,42.1,,08-22
414,603338,浙江鼎力,0.83,-9.78,,8.81,,20528.32,37.29,,08-22
415,600580,卧龙电气,0.21,113.21,,4.79,,27719.27,113.48,,08-22
416,002043,兔宝宝,0.23,21.05,,9.75,,19016.14,20.39,,08-22
417,603595,东尼电子,0.99,59.68,,12.81,,10048.86,116.07,,08-22
418,002625,光启技术,0.01,-80.0,,0.36,,2691.82,-47.14,,08-22
419,002672,东江环保,0.3,20.0,,6.89,,26593.58,20.8,,08-22
420,300380,安硕信息,0.04,-180.0,,1.45,,591.15,-185.62,,08-22
421,603817,海峡环保,0.11,-12.28,,3.51,,5048.87,-4.33,,08-22
422,002204,大连重工,-0.02,-431.51,,-0.71,,-4677.16,-433.36,,08-22
423,603997,继峰股份,0.23,4.55,,8.16,,14508.98,3.93,,08-22
424,002248,华东数控,-0.36,25.34,,-17.86,,-11177.64,27.31,,08-22
425,300514,友讯达,0.08,-74.3,,3.21,,1584.18,-38.33,,08-22
426,600201,生物股份,0.38,-39.68,,7.74,,35916.55,-7.26,,08-22
427,000710,贝瑞基因,0.41,-921.8,,9.06,,14586.89,-2081.48,,08-22
428,600310,桂东电力,0.0,-58.21,,0.11,,234.57,-57.52,,08-22
429,002440,闰土股份,0.61,17.31,,9.83,,70609.67,75.73,,08-22
430,600397,*ST安煤,0.06,-379.7,,6.8,,5588.7,-379.34,,08-22
431,002086,东方海洋,0.11,-23.51,,2.58,,8006.37,-22.22,,08-22
432,300389,艾比森,0.33,199.17,,9.48,,10338.39,199.07,,08-22
433,002738,中矿资源,0.11,11.39,,3.18,,2106.54,11.42,,08-22
434,002235,安妮股份,0.08,-12.09,,2.23,,4989.34,32.25,,08-22
435,000011,深物业A,0.14,-77.23,,2.8,,8297.25,-77.23,,08-22
436,002255,海陆重工,0.13,68.67,,2.85,,9868.38,113.19,,08-22
437,002795,永和智控,0.16,-38.46,,5.04,,3190.17,5.85,,08-22
438,002287,奇正藏药,0.47,12.06,,9.78,,19012.81,12.07,,08-22
439,601177,杭齿前进,0.02,68.87,,0.44,,714.67,68.95,,08-22
440,002307,北新路桥,0.03,-1.56,,1.01,,1859.79,4.04,,08-22
441,002336,人人乐,0.06,-118.14,,1.37,,2445.58,-118.15,,08-22
442,601838,成都银行,0.6,17.65,7.9,7.56,0.67,212298.4,28.49,,08-22
443,600366,宁波韵升,0.06,-81.38,,1.17,,5486.39,-66.1,,08-22
444,600415,小商品城,0.22,15.79,,10.33,,121390.47,17.25,,08-22
445,603486,科沃斯,0.57,26.67,,13.98,,20756.16,28.19,,08-22
446,002029,七匹狼,0.18,12.5,,2.45,,13480.4,10.49,,08-22
447,300247,乐金健康,0.04,-10.02,,1.27,,3106.14,-9.86,,08-22
448,002064,华峰氨纶,0.15,36.36,,7.04,,24813.22,28.88,,08-22
449,600683,京投发展,0.17,183.33,,5.4,,12780.09,181.27,,08-22
450,603866,桃李面包,0.56,36.59,,8.15,,26288.85,43.54,,08-22
451,002221,东华能源,0.43,42.52,,8.69,,69339.74,42.51,,08-22
452,600970,中材国际,0.37,48.0,,8.32,,64759.49,45.38,,08-22
453,600070,浙江富润,0.14,-26.32,,3.24,,7551.61,-22.31,,08-22
454,300538,同益股份,0.19,46.15,,3.91,,1583.42,126.25,,08-22
455,600128,弘业股份,-0.15,-3197.92,,-2.72,,-3669.1,-3193.85,,08-22
456,600189,吉林森工,0.05,-141.67,,0.96,,2679.89,-173.64,,08-22
457,603299,井神股份,0.17,21.17,,4.33,,9306.2,21.46,,08-22
458,603388,元成股份,0.24,-31.43,,6.32,,5015.36,64.41,,08-22
459,002106,莱宝高科,0.08,-13.11,,1.47,,5519.9,-13.15,,08-22
460,002650,加加食品,0.07,-18.6,,3.85,,8090.96,-18.48,,08-22
461,002142,宁波银行,1.12,19.15,11.73,10.21,-7.52,570129.6,19.64,,08-22
462,002785,万里石,0.05,0.0,,1.51,,973.87,-8.37,,08-22
463,600200,江苏吴中,0.12,27.17,,2.89,,8455.99,27.85,,08-22
464,601700,风范股份,0.03,-70.0,,1.08,,3217.53,-71.93,,08-22
465,600495,晋西车轴,0.02,100.0,,0.87,,2711.02,103.65,,08-22
466,600780,通宝能源,0.11,377.68,,2.51,,12265.48,377.45,,08-22
467,603960,克来机电,0.21,5.0,,6.28,,2826.38,55.36,,08-22
468,002234,民和股份,0.06,-110.0,,2.46,,1841.45,-110.09,,08-22
469,300484,蓝海华腾,0.06,-82.91,,1.7,,1208.19,-82.94,,08-22
470,002793,东音股份,0.27,-15.63,,7.0,,5373.76,-17.29,,08-22
471,000062,深圳华强,0.5,84.02,,8.37,,35972.05,83.85,,08-22
472,002285,世联行,0.15,7.14,,5.7,,29779.21,4.55,,08-22
473,002820,桂发祥,0.22,-43.59,,4.35,,4559.7,-9.65,,08-22
474,002864,盘龙药业,0.35,29.63,,5.27,,2999.9,71.07,,08-22
475,002394,联发股份,0.42,-4.32,,4.32,,13464.43,-4.33,10派2.5,08-22
476,000718,苏宁环球,0.14,136.86,,5.07,,42116.53,136.84,,08-22
477,603096,新经典,0.81,-16.49,,6.96,,10937.99,0.97,,08-22
478,600506,香梨股份,-0.02,1900.0,,-1.06,,-292.04,2176.57,,08-22
479,300205,天喻信息,0.14,106.25,,4.88,,6104.27,106.37,,08-22
480,002028,思源电气,0.18,-5.26,,3.04,,13464.69,-7.1,,08-22
481,300321,同大股份,0.13,20.74,,1.94,,1163.38,20.74,,08-22
482,002239,奥特佳,0.08,27.33,,4.42,,23471.21,27.18,,08-22
483,000426,兴业矿业,0.2,78.4,,6.56,,36761.1,78.5,,08-22
484,600223,鲁商置业,0.04,0.0,,1.9,,4481.51,15.91,,08-22
485,601898,中煤能源,0.21,61.54,,3.08,,275616.1,62.5,,08-22
486,000619,海螺型材,0.01,13.85,,0.11,,265.57,13.79,,08-22
487,002405,四维图新,0.13,22.19,,2.43,,16324.27,34.54,,08-22
488,000726,鲁泰A,0.41,-4.65,,5.13,,37735.6,-4.0,,08-22
489,002505,大康农业,0.0,100.0,,0.45,,2438.83,101.37,,08-22
490,300219,鸿利智汇,0.33,26.92,,8.35,,23411.55,33.61,,08-22
491,002039,黔源电力,0.46,197.15,,5.84,,14002.61,197.09,,08-22
492,002621,三垒股份,0.02,-33.33,,0.75,,758.93,-13.18,,08-22
493,600688,上海石化,0.33,36.97,,11.62,,352413.1,36.83,,08-22
494,603657,春光科技,0.62,12.73,,12.26,,4495.74,14.32,,08-22
495,300435,中泰股份,0.16,14.29,,5.08,,3989.13,14.93,,08-22
496,603991,至正股份,0.17,-19.05,,2.7,,1264.77,-5.92,,08-22
497,002244,滨江集团,0.19,-36.67,,4.01,,58029.34,-36.95,,08-22
498,002783,凯龙股份,0.22,-35.29,,5.08,,7199.18,0.71,,08-22
499,002298,中电兴发,0.12,3.46,,1.94,,8415.21,3.4,,08-22
500,002878,元隆雅图,0.38,-37.7,,8.93,,4878.42,33.31,,08-22
501,300650,太龙照明,0.28,12.0,,4.43,,2156.74,61.78,,08-22
502,603031,安德利,0.1,-56.52,,1.85,,1137.21,-39.36,,08-22
503,300021,大禹节水,0.07,77.66,,3.91,,5550.28,91.63,,08-22
504,600736,苏州高新,0.27,25.72,,4.48,,32482.44,25.56,,08-22
505,300349,金卡智能,0.49,21.55,,6.67,,20752.17,119.53,,08-22
506,603955,大千生态,0.37,-17.51,,3.92,,4167.12,22.56,,08-22
507,601000,唐山港,0.13,-18.75,,5.29,,78301.72,6.83,,08-22
508,002863,今飞凯达,0.09,-50.0,,3.83,,3518.98,3.13,,08-22
509,300661,圣邦股份,0.52,-4.47,,5.24,,4097.21,26.01,,08-22
510,603180,金牌厨柜,0.91,3.95,,6.71,,6129.81,32.53,,08-22
511,002581,未名医药,0.01,-96.85,,0.2,,559.4,-96.84,,08-22
512,002090,金智科技,0.25,-24.1,,4.89,,5885.81,-24.01,,08-22
513,002742,三圣股份,0.16,-72.88,,4.87,,7071.73,-44.41,,08-22
514,002774,快意电梯,0.04,-66.11,,1.29,,1301.73,-61.28,,08-22
515,000025,特力A,0.09,9.55,,2.76,,2692.03,9.45,,08-22
516,002290,中科新材,0.21,61.54,,4.14,,5088.3,67.74,,08-22
517,601222,林洋能源,0.22,15.79,,4.16,,39663.31,17.79,,08-22
518,601882,海天精工,0.1,8.29,,4.45,,5251.17,8.23,,08-22
519,002452,长高集团,-0.04,-137.37,,-1.46,,-1977.36,-138.07,,08-22
520,002476,宝莫股份,-0.03,-59.66,,-1.95,,-1906.2,-59.62,,08-22
521,002553,南方轴承,0.24,88.49,,11.74,,8317.98,88.5,,08-22
522,300218,安利股份,-0.06,-529.29,,-1.3,,-1304.74,-529.34,,08-22
523,002100,天康生物,0.11,-45.0,,3.57,,10806.48,-43.05,,08-22
524,002243,通产丽星,0.08,14.69,,1.94,,2932.68,14.61,,08-22
525,002782,可立克,0.13,83.38,,6.45,,5359.36,83.49,,08-22
526,601318,中国平安,3.26,34.16,28.23,11.6,9.06,5809500.0,33.78,10派6.2,08-22
527,002322,理工环科,0.2,-23.08,,2.53,,7752.89,-25.32,10派2,08-22
528,600229,城市传媒,0.23,15.56,,6.68,,16010.9,15.57,,08-22
529,600270,外运发展,0.7,0.29,,7.85,,63598.91,0.28,,08-22
530,002902,铭普光磁,0.06,-83.33,,0.83,,868.33,-77.0,,08-22
531,002571,德力股份,-0.06,-178.95,,-1.64,,-2485.74,-178.99,,08-22
532,603722,阿科力,0.26,-31.58,,4.35,,2288.73,-6.86,,08-22
533,603936,博敏电子,0.28,28.44,,4.59,,4648.72,27.56,,08-22
534,002252,上海莱士,-0.17,-221.43,,-7.03,,-84712.73,-219.51,,08-22
535,000407,胜利股份,0.08,60.0,,3.26,,7200.5,69.2,,08-22
536,002887,绿茵生态,0.51,-65.31,,4.89,,8188.55,-7.24,,08-22
537,000661,长春高新,3.22,92.81,,11.83,,54798.85,92.93,,08-22
538,600315,上海家化,0.47,46.88,,5.72,,31682.3,46.51,,08-22
539,002443,金洲管道,0.13,85.71,,3.04,,6573.98,70.98,,08-22
540,600508,上海能源,0.83,59.62,,6.55,,60301.78,58.96,,08-22
541,002152,广电运通,0.14,-36.36,,3.8,,34400.21,-35.37,,08-22
542,603966,法兰泰克,0.13,-20.13,,3.17,,2671.42,8.65,,08-22
543,600017,日照港,0.11,57.14,,3.28,,35492.56,56.28,,08-21
544,002272,川润股份,-0.04,-722.39,,-1.5,,-1747.96,-723.11,,08-21
545,000096,广聚能源,0.15,-16.37,,3.34,,8061.14,-16.41,,08-21
546,002295,精艺股份,0.14,-2.69,,3.14,,3627.99,-3.07,,08-21
547,002852,道道全,0.51,-52.78,,7.42,,14785.94,56.38,,08-21
548,300608,思特奇,-0.12,20.0,,-1.96,,-1297.65,61.88,,08-21
549,002921,联诚精密,0.34,-12.82,,4.09,,2710.41,14.51,,08-21
550,000731,四川美丰,0.21,43.73,,4.61,,12270.29,43.8,,08-21
551,300086,康芝药业,0.08,13.7,,1.94,,3623.15,13.79,,08-21
552,600794,保税科技,0.02,-131.52,,1.52,,2734.34,-131.46,,08-21
553,002748,世龙实业,0.11,-78.14,,2.21,,2595.2,-78.13,,08-21
554,603980,吉华集团,0.65,27.11,,7.83,,32361.82,58.83,,08-21
555,300476,胜宏科技,0.26,-16.13,,7.32,,20005.87,74.36,,08-21
556,600035,楚天高速,0.18,-10.0,,5.1,,31493.56,-3.41,,08-21
557,600103,青山纸业,0.07,99.44,,3.78,,12694.03,99.57,,08-21
558,300583,赛托生物,0.65,137.12,,4.05,,6995.52,150.51,,08-21
559,002859,洁美科技,0.41,-53.93,,7.61,,10541.08,30.96,10派1,08-21
560,300026,红日药业,0.11,22.22,,5.3,,34551.9,22.35,,08-21
561,000851,高鸿股份,0.04,-37.2,,1.11,,3644.91,-12.13,,08-21
562,600449,宁夏建材,0.3,25.0,,3.12,,14276.93,26.07,,08-21
563,600497,驰宏锌锗,0.14,13.69,,5.17,,73167.76,34.34,,08-21
564,000962,东方钽业,-0.04,-79.61,,-1.77,,-1945.4,-79.6,,08-21
565,600529,山东药玻,0.55,26.86,,5.05,,16759.26,26.85,,08-21
566,002010,传化智联,0.08,33.33,,2.35,,27143.46,43.3,,08-21
567,600660,福耀玻璃,0.74,34.55,,9.52,,186862.06,34.8,10派4,08-21
568,600695,绿庭投资,-0.01,-139.0,,-0.8,,-552.37,-143.02,,08-21
569,002651,利君股份,0.08,33.33,,4.07,,7932.57,35.12,,08-21
570,002173,创新医疗,0.19,46.15,,2.39,,8841.51,52.59,,08-21
571,600857,宁波中百,0.11,21.28,,14.3,,2549.37,21.25,,08-21
572,300439,美康生物,0.37,32.14,,6.54,,12759.71,34.92,,08-21
573,600919,江苏银行,0.59,9.26,,7.26,,685170.2,10.93,,08-21
574,002892,科力尔,0.32,-42.0,,4.64,,2667.83,-26.28,,08-21
575,300668,杰恩设计,0.37,-54.32,,9.69,,3909.94,50.29,,08-21
576,300167,迪威迅,-0.05,-1324.32,,-1.94,,-1359.14,-1324.05,,08-21
577,603368,柳药股份,0.99,-22.66,,7.1,,25558.07,33.25,,08-21
578,002576,通达动力,0.06,-44.39,,1.09,,934.73,-47.54,,08-21
579,002150,通润装备,0.18,12.5,,4.36,,4961.03,15.37,,08-21
580,000090,天健集团,0.14,-50.83,,3.11,,20429.92,-40.97,,08-21
581,002294,信立泰,0.75,7.14,,12.8,,78969.01,8.12,,08-21
582,000551,创元科技,0.13,8.33,,3.24,,5318.49,6.47,,08-21
583,002348,高乐股份,0.02,-38.63,,1.45,,1862.72,-38.81,,08-21
584,600262,北方股份,0.41,224.24,,6.35,,6912.81,224.35,,08-21
585,300727,润禾材料,0.24,41.18,,6.28,,3009.49,145.92,,08-21
586,300085,银之杰,0.0,-87.84,,0.1,,128.16,-87.31,,08-21
587,001979,招商蛇口,0.88,100.0,,10.12,,711680.3,105.31,,08-21
588,002610,爱康科技,0.02,100.0,,1.21,,6900.87,35.66,,08-21
589,600765,中航重机,0.09,-35.71,,1.82,,6850.62,-36.85,,08-21
590,300461,田中精机,0.32,45.45,,10.55,,3954.82,161.4,,08-21
591,002245,澳洋顺昌,0.17,9.83,,6.47,,16359.53,10.42,,08-21
592,002858,力盛赛车,0.02,-128.55,,0.53,,215.56,-158.23,,08-21
593,603080,新疆火炬,0.28,-20.0,,4.0,,3904.69,5.88,,08-21
594,300747,锐科激光,2.69,82.99,,41.13,,25809.51,83.07,,08-21
595,300024,机器人,0.14,27.27,,3.53,,21284.47,20.42,,08-21
596,000850,华茂股份,0.14,900.0,,3.1,,13220.71,894.38,,08-21
597,002009,天奇股份,0.31,121.43,,5.67,,11572.1,122.27,,08-21
598,603519,立霸股份,0.18,-28.0,,5.44,,4018.58,1.08,,08-21
599,002593,日上集团,0.06,20.0,,2.26,,4172.55,28.13,,08-21
600,603879,永悦科技,0.15,0.0,,4.04,,2118.11,-4.78,,08-21
601,603928,兴业股份,0.39,62.5,,6.73,,7815.1,61.64,,08-21
602,002756,永兴特钢,0.62,34.78,,6.65,,22375.33,34.33,,08-21
603,002245,澳洋顺昌,0.17,9.83,,6.47,,16359.53,10.42,,08-21
604,002858,力盛赛车,0.02,-128.55,,0.53,,215.56,-158.23,,08-21
605,002494,华斯股份,0.03,0.0,,0.61,,1179.53,5.96,,08-21
606,000980,众泰汽车,0.15,25.0,,1.8,,30450.18,37.0,,08-21
607,002601,龙蟒佰利,0.67,3.08,,9.83,,134050.53,2.33,10派6.5,08-21
608,300272,开能健康,0.75,672.23,,30.99,,30009.59,672.32,,08-21
609,300311,任子行,0.11,10.0,,6.01,,7470.75,62.65,,08-21
610,002709,天赐材料,1.32,140.0,,16.53,,44599.85,152.29,,08-21
611,600260,凯乐科技,0.87,77.55,,12.23,,61499.75,77.59,,08-21
612,000819,岳阳兴长,0.09,-586.84,,3.64,,2509.57,-590.15,,08-21
613,600466,蓝光发展,0.14,19.18,,4.14,,61989.02,118.84,,08-21
614,002530,金财互联,0.11,-31.25,,2.14,,8511.92,7.67,,08-21
615,002583,海能达,0.0,-57.0,,0.14,,786.36,-57.22,,08-21
616,002662,京威股份,0.16,-5.88,,4.72,,24585.07,43.42,,08-21
617,600792,云煤能源,0.0,-105.0,,0.15,,397.38,-105.09,,08-21
618,300394,天孚通信,0.29,-10.88,,6.66,,5433.52,-10.89,,08-21
619,600069,银鸽投资,0.01,-128.5,,0.43,,917.95,-142.49,,08-21
620,300604,长川科技,0.17,-37.04,,5.76,,2500.66,47.58,,08-21
621,000636,风华高科,0.46,283.33,,8.83,,41370.33,270.4,,08-21
622,002385,大北农,0.03,-76.54,,1.01,,10399.17,-80.18,,08-21
623,002483,润邦股份,0.05,-56.36,,1.31,,3254.51,-38.16,,08-21
624,603309,维力医疗,0.13,-35.0,,2.82,,2535.86,-36.21,,08-21
625,002514,宝馨科技,0.08,14.29,,5.27,,4660.74,13.22,,08-21
626,600486,扬农化工,1.82,122.28,,13.54,,56266.99,122.28,,08-21
627,002008,大族激光,0.95,10.47,,12.96,,101859.79,11.43,,08-21
628,600802,福建水泥,0.59,-622.12,,32.92,,22518.64,-622.93,,08-21
629,603877,太平鸟,0.42,110.0,,5.75,,19712.55,109.69,,08-21
630,601101,昊华能源,0.53,32.5,,8.28,,63797.44,32.81,,08-21
631,300580,贝斯特,0.34,12.37,,5.33,,6868.95,17.29,,08-21
632,000595,宝塔实业,0.01,-58.82,,0.81,,564.86,-54.32,,08-21
633,002365,永安药业,0.37,5.71,,7.4,,10601.85,48.52,,08-21
634,603038,华立股份,0.39,-39.06,,3.84,,3660.68,-10.17,,08-21
635,600321,*ST正源,0.01,530.0,,0.36,,957.66,770.36,,08-21
636,000758,中色股份,0.06,-33.86,,2.21,,11540.76,-33.84,,08-21
637,300033,同花顺,0.36,-32.08,,6.31,,19109.62,-33.28,,08-21
638,002574,明牌珠宝,0.11,0.0,,1.9,,6018.15,7.79,,08-21
639,300237,美晨生态,0.21,-27.38,,9.25,,30957.2,30.74,,08-21
640,300309,吉艾科技,0.35,483.33,,9.59,,16866.67,453.09,10转8,08-21
641,603667,五洲新春,0.22,-18.52,,4.65,,5717.55,6.21,,08-21
642,300385,雪浪环境,0.29,-5.45,,3.32,,3721.29,2.53,,08-21
643,603822,嘉澳环保,0.39,76.99,,3.9,,2859.6,76.93,,08-21
644,002708,光洋股份,0.04,50.95,,1.21,,1863.93,51.0,,08-21
645,000002,万科A,0.83,25.76,12.22,6.51,,912374.32,24.94,,08-21
646,002253,川大智胜,0.09,47.78,,1.54,,2023.61,47.67,,08-21
647,002790,瑞尔特,0.22,-56.86,,3.91,,5746.79,-29.72,,08-21
648,002283,天润曲轴,0.14,16.67,,3.93,,15626.2,16.4,,08-21
649,002818,富森美,0.89,15.58,,8.99,,39116.36,15.95,10派5,08-21
650,002305,南国置业,0.01,46.03,,0.35,,1596.53,45.14,,08-21
651,300012,华测检测,0.03,28.87,,2.03,,5101.08,27.48,,08-21
652,300040,九洲电气,0.15,-34.78,,2.65,,5010.9,-34.58,,08-21
653,603289,泰瑞机器,0.16,-38.46,,4.82,,4361.83,11.03,,08-21
654,002025,航天电器,0.37,5.71,,6.41,,15701.47,5.43,,08-21
655,600678,四川金顶,0.05,-398.73,,45.35,,1646.85,-398.87,,08-21
656,603767,中马传动,0.11,-59.26,,2.3,,3204.56,-26.58,,08-21
657,600828,茂业商业,0.31,41.53,,9.81,,53827.05,41.52,,08-21
658,600123,兰花科创,0.55,23.15,,6.48,,62884.52,23.13,,08-21
659,002461,珠江啤酒,0.07,-22.22,,1.95,,15589.4,86.25,,08-21
660,600260,凯乐科技,0.87,77.55,,12.23,,61499.75,77.59,,08-21
661,000819,岳阳兴长,0.09,-586.84,,3.64,,2509.57,-590.15,,08-21
662,600466,蓝光发展,0.14,19.18,,4.14,,61989.02,118.84,,08-21
663,002530,金财互联,0.11,-31.25,,2.14,,8511.92,7.67,,08-21
664,600802,福建水泥,0.59,-622.12,,32.92,,22518.64,-622.93,,08-21
665,603877,太平鸟,0.42,110.0,,5.75,,19712.55,109.69,,08-21
666,601101,昊华能源,0.53,32.5,,8.28,,63797.44,32.81,,08-21
667,300580,贝斯特,0.34,12.37,,5.33,,6868.95,17.29,,08-21
668,000636,风华高科,0.46,283.33,,8.83,,41370.33,270.4,,08-21
669,002385,大北农,0.03,-76.54,,1.01,,10399.17,-80.18,,08-21
670,002483,润邦股份,0.05,-56.36,,1.31,,3254.51,-38.16,,08-21
671,603309,维力医疗,0.13,-35.0,,2.82,,2535.86,-36.21,,08-21
672,002514,宝馨科技,0.08,14.29,,5.27,,4660.74,13.22,,08-21
673,600486,扬农化工,1.82,122.28,,13.54,,56266.99,122.28,,08-21
674,002008,大族激光,0.95,10.47,,12.96,,101859.79,11.43,,08-21
675,002574,明牌珠宝,0.11,0.0,,1.9,,6018.15,7.79,,08-21
676,300237,美晨生态,0.21,-27.38,,9.25,,30957.2,30.74,,08-21
677,300309,吉艾科技,0.35,483.33,,9.59,,16866.67,453.09,10转8,08-21
678,603667,五洲新春,0.22,-18.52,,4.65,,5717.55,6.21,,08-21
679,300385,雪浪环境,0.29,-5.45,,3.32,,3721.29,2.53,,08-21
680,603822,嘉澳环保,0.39,76.99,,3.9,,2859.6,76.93,,08-21
681,002708,光洋股份,0.04,50.95,,1.21,,1863.93,51.0,,08-21
682,000002,万科A,0.83,25.76,12.22,6.51,,912374.32,24.94,,08-21
683,002253,川大智胜,0.09,47.78,,1.54,,2023.61,47.67,,08-21
684,002790,瑞尔特,0.22,-56.86,,3.91,,5746.79,-29.72,,08-21
685,002283,天润曲轴,0.14,16.67,,3.93,,15626.2,16.4,,08-21
686,002818,富森美,0.89,15.58,,8.99,,39116.36,15.95,10派5,08-21
687,002305,南国置业,0.01,46.03,,0.35,,1596.53,45.14,,08-21
688,000595,宝塔实业,0.01,-58.82,,0.81,,564.86,-54.32,,08-21
689,002365,永安药业,0.37,5.71,,7.4,,10601.85,48.52,,08-21
690,603038,华立股份,0.39,-39.06,,3.84,,3660.68,-10.17,,08-21
691,600321,*ST正源,0.01,530.0,,0.36,,957.66,770.36,,08-21
692,000758,中色股份,0.06,-33.86,,2.21,,11540.76,-33.84,,08-21
693,300033,同花顺,0.36,-32.08,,6.31,,19109.62,-33.28,,08-21
694,002025,航天电器,0.37,5.71,,6.41,,15701.47,5.43,,08-21
695,600678,四川金顶,0.05,-398.73,,45.35,,1646.85,-398.87,,08-21
696,603767,中马传动,0.11,-59.26,,2.3,,3204.56,-26.58,,08-21
697,600828,茂业商业,0.31,41.53,,9.81,,53827.05,41.52,,08-21
698,600123,兰花科创,0.55,23.15,,6.48,,62884.52,23.13,,08-21
699,300012,华测检测,0.03,28.87,,2.03,,5101.08,27.48,,08-21
700,300040,九洲电气,0.15,-34.78,,2.65,,5010.9,-34.58,,08-21
701,603289,泰瑞机器,0.16,-38.46,,4.82,,4361.83,11.03,,08-21
702,300255,常山药业,0.11,22.22,,4.41,,10609.29,26.95,,08-21
703,002669,康达新材,0.17,2.42,,2.3,,3955.3,3.87,,08-21
704,002723,金莱特,-0.05,-184.59,,-1.55,,-1004.67,-184.66,,08-21
705,000038,深大通,0.23,-59.52,,2.2,,11910.14,-35.23,,08-21
706,601100,恒立液压,0.53,103.85,,11.56,,46346.09,186.65,,08-21
707,002297,博云新材,0.01,-140.0,,0.31,,480.4,-140.69,,08-21
708,300576,容大感光,0.16,0.0,,4.62,,1925.38,3.02,,08-21
709,002461,珠江啤酒,0.07,-22.22,,1.95,,15589.4,86.25,,08-21
710,002482,广田集团,0.18,28.57,,4.14,,28062.36,30.29,,08-21
711,002513,蓝丰生化,0.09,-50.0,,1.21,,3078.38,-49.33,,08-21
712,603345,安井食品,0.66,26.92,,8.16,,14234.79,37.4,,08-21
713,600576,祥源文化,0.06,1.64,,2.13,,4050.68,4.52,,08-21
714,600583,海油工程,-0.04,-180.0,,-0.8,,-18241.03,-191.27,,08-21
715,002083,孚日股份,0.21,-20.75,,5.88,,19315.54,-20.75,,08-21
716,002653,海思科,0.14,7.69,,7.06,,14536.4,4.99,,08-21
717,002176,江特电机,0.21,425.0,,7.34,,30515.91,391.57,,08-21
718,002282,博深工具,0.12,-7.69,,2.57,,5119.32,13.25,,08-21
719,600106,重庆路桥,0.15,-14.77,,4.72,,16815.4,-4.33,,08-21
720,300626,华瑞股份,0.13,-50.0,,4.6,,2258.37,-13.06,,08-21
721,603009,北特科技,0.12,-50.68,,2.76,,4240.12,28.44,,08-21
722,603037,凯众股份,0.76,16.92,,10.43,,8000.5,18.54,,08-21
723,300700,岱勒新材,0.58,-3.33,,8.77,,4813.43,30.31,,08-21
724,002931,锋龙股份,0.26,-25.71,,5.85,,2024.35,-13.67,,08-21
725,603088,宁波精达,0.13,0.0,,2.86,,1420.38,32.78,,08-21
726,603178,圣龙股份,0.16,-20.0,,3.93,,3248.15,-7.46,,08-21
727,000925,众合科技,0.03,-137.2,,0.71,,1638.22,-163.85,,08-21
728,603456,九洲药业,0.11,-35.29,,3.3,,8874.88,20.9,,08-21
729,300391,康跃科技,0.29,57.69,,5.06,,6651.44,102.63,,08-20
730,002262,恩华药业,0.26,25.18,,10.2,,26189.04,25.2,,08-20
731,600176,中国巨石,0.36,4.93,,9.74,,126707.08,25.91,,08-20
732,002451,摩恩电气,0.03,-40.0,,1.72,,1131.87,-47.05,,08-20
733,603916,苏博特,0.57,90.0,,9.03,,17441.77,151.41,,08-20
734,002534,杭锅股份,0.21,-27.59,,5.14,,15563.83,-28.0,,08-20
735,002838,道恩股份,0.22,-40.54,,6.47,,5592.2,19.08,,08-20
736,002713,东易日盛,0.04,-233.33,,0.83,,1097.17,-242.86,,08-20
737,300454,深信服,0.34,9.68,,6.16,,12485.56,12.9,,08-20
738,002376,新北洋,0.27,28.57,,6.17,,17463.83,30.11,,08-20
739,002721,金一文化,0.12,140.0,,2.04,,9658.16,190.05,,08-20
740,002809,红墙股份,0.36,9.09,,4.48,,4363.06,9.45,,08-20
741,601069,西部黄金,-0.02,-115.52,,-0.86,,-1438.59,-115.53,,08-20
742,000902,新洋丰,0.41,24.24,,9.19,,53859.86,25.12,,08-20
743,600776,东方通信,0.04,0.43,,1.85,,5630.04,0.43,,08-20
744,002703,浙江世宝,-0.01,-105.89,,-0.4,,-585.65,-114.75,,08-20
745,002362,汉王科技,0.09,5.22,,2.42,,2056.26,2.04,,08-20
746,603607,京华激光,0.33,-47.62,,5.85,,4220.11,-1.23,,08-20
747,002768,国恩股份,0.48,50.0,,8.02,,12411.03,61.16,,08-20
748,300630,普利制药,0.38,31.03,,9.33,,7030.44,125.17,,08-20
749,002913,奥士康,0.72,4.35,,5.15,,10326.31,39.1,,08-20
750,603278,大业股份,0.49,11.36,,7.21,,10142.04,47.52,,08-20
751,002664,长鹰信质,0.34,5.51,,6.8,,13565.06,5.51,,08-20
752,002718,友邦吊顶,0.6,-18.92,,4.64,,5286.27,-18.53,,08-20
753,600015,华夏银行,0.72,2.86,12.18,6.01,-8.52,1003500.0,2.02,,08-20
754,002920,德赛西威,0.52,-34.18,,7.48,,28690.46,-19.75,,08-20
755,603067,振华股份,0.29,26.09,,7.72,,8947.17,76.16,,08-20
756,300697,电工合金,0.17,-35.33,,4.86,,3484.01,12.19,,08-20
757,600526,菲达环保,0.02,-71.43,,0.53,,1244.23,-65.27,,08-20
758,002655,共达电声,-0.03,-400.0,,-2.63,,-1212.89,-356.73,,08-20
759,002369,卓翼科技,0.06,1810.22,,1.61,,3448.4,1803.36,,08-20
760,300373,扬杰科技,0.33,13.79,,6.64,,15586.99,15.17,,08-20
761,002801,微光股份,0.43,-8.51,,6.04,,5101.69,-7.27,,08-20
762,603517,绝味食品,0.77,24.19,,11.69,,31512.65,32.55,,08-20
763,002661,克明面业,0.35,73.0,,5.29,,11493.4,70.97,,08-20
764,300296,利亚德,0.23,0.0,,8.56,,58574.79,57.92,,08-20
765,002224,三力士,0.1,-23.08,,3.88,,6643.79,-21.86,,08-20
766,300546,雄帝科技,0.25,31.58,,5.29,,3434.58,37.95,,08-20
767,603136,天目湖,0.61,-17.57,,6.58,,4902.74,11.06,,08-20
768,300051,三五互联,0.04,-50.0,,1.58,,1557.73,-46.57,,08-20
769,603601,再升科技,0.14,20.85,,6.09,,7554.86,69.17,,08-20
770,002392,北京利尔,0.15,115.71,,5.55,,17923.66,112.24,,08-20
771,000967,盈峰环境,0.17,5.63,,4.55,,19663.32,12.52,,08-20
772,002088,鲁阳节能,0.43,138.89,,7.78,,14931.81,138.27,,08-18
773,002635,安洁科技,0.32,14.29,,3.45,,23734.3,42.11,,08-18
774,603688,石英股份,0.17,36.55,,4.43,,5847.08,39.24,,08-18
775,002187,广百股份,0.31,6.9,,3.97,,10583.58,8.42,,08-18
776,600826,兰生股份,0.04,-63.64,,0.46,,1504.66,-67.26,,08-18
777,000021,深科技,0.12,-44.11,,2.89,,17177.82,-44.13,,08-18
778,002401,中远海科,0.16,47.23,,5.74,,4755.74,47.27,,08-18
779,300124,汇川技术,0.3,11.11,,8.71,,49611.79,15.72,,08-18
780,002796,世嘉科技,0.14,-22.22,,1.27,,1340.43,-7.19,,08-18
781,300532,今天国际,0.12,-14.83,,4.45,,3387.7,56.05,,08-18
782,600129,太极集团,0.1,19.78,,1.76,,5430.74,56.29,,08-18
783,600192,长城电工,0.03,-14.94,,0.59,,1159.54,-14.78,,08-18
784,601933,永辉超市,0.1,-9.09,,4.89,,93348.83,-11.54,,08-18
785,300643,万通智控,0.06,-45.45,,2.8,,1163.14,-37.76,,08-18
786,002381,双箭股份,0.17,13.33,,4.23,,7277.92,15.77,,08-18
787,000786,北新建材,0.73,90.55,,10.09,,129864.34,90.33,,08-18
788,600470,六国化工,0.03,-276.47,,0.85,,1767.57,-303.66,,08-18
789,000953,ST河化,-0.24,-394.85,,,,-7076.15,-394.94,,08-18
790,002134,天津普林,-0.04,33.33,,-2.02,,-873.81,7.81,,08-18
791,002691,冀凯股份,0.02,-33.33,,0.77,,667.03,14.31,,08-18
792,300396,迪瑞医疗,0.37,-37.66,,7.63,,10152.56,11.4,,08-18
793,603909,合诚股份,0.06,-78.46,,1.0,,630.96,-78.47,,08-18
794,002222,福晶科技,0.19,25.0,,10.28,,8273.99,24.99,,08-18
795,300501,海顺新材,0.37,-27.45,,5.76,,3725.33,7.99,,08-18
796,600076,康欣新材,0.26,18.18,,7.64,,26939.91,16.66,,08-18
797,601777,力帆股份,0.1,0.0,,1.69,,12459.8,3.01,,08-18
798,600237,铜峰电子,0.01,-16.52,,0.41,,527.57,-16.56,,08-18
799,002927,泰永长征,0.22,-26.67,,4.34,,2528.91,21.4,,08-18
800,000751,锌业股份,0.03,-45.45,,1.83,,4398.92,-45.44,,08-18
801,603357,设计总院,0.76,55.1,,12.87,,24603.57,106.01,,08-18
802,300338,开元股份,0.19,3.27,,3.05,,6535.64,18.6,,08-18
803,002278,神开股份,0.02,-166.67,,0.71,,765.16,-172.59,,08-18
804,002821,凯莱英,0.69,25.13,,7.38,,15666.78,25.53,,08-18
805,600283,钱江水利,0.17,88.89,,3.19,,5922.42,90.33,,08-18
806,002426,胜利精密,0.09,0.43,,3.64,,32364.12,0.62,,08-18
807,000766,通化金马,0.14,11.55,,3.1,,13905.36,11.53,,08-18
808,600507,方大特钢,0.96,81.13,,28.98,,130586.34,85.35,,08-18
809,600702,舍得酒业,0.49,166.07,,6.04,,16584.92,166.05,,08-18
810,002681,奋达科技,0.1,-5.48,,2.33,,14545.96,12.15,,08-18
811,600818,中路股份,0.04,-60.0,,1.74,,1128.7,-63.21,,08-18
812,601666,平煤股份,0.13,-50.43,,2.52,,31007.88,-50.43,,08-18
813,601918,新集能源,0.3,400.0,,14.48,,76453.4,397.63,,08-18
814,002406,远东传动,0.23,53.33,,5.44,,13119.49,51.03,10派2,08-18
815,300045,华力创通,0.01,-70.03,,0.47,,645.65,-67.88,,08-18
816,000900,现代投资,0.33,-18.85,,5.64,,49527.93,21.73,,08-18
817,600468,百利电气,0.05,9.5,,2.15,,3926.57,9.43,,08-18
818,002584,西陇科学,0.08,33.33,,2.7,,4637.96,31.59,,08-18
819,600713,南京医药,0.14,9.6,,3.92,,13879.78,23.52,,08-18
820,600793,宜宾纸业,2.07,65.07,,85.54,,21778.92,65.06,,08-18
821,601058,赛轮金宇,0.12,1100.0,,5.21,,31818.63,1555.7,,08-18
822,002327,富安娜,0.21,12.9,,5.72,,18485.22,16.56,,08-18
823,000576,广东甘化,-0.08,84.55,,-3.71,,-3703.54,84.48,,08-18
824,300303,聚飞光电,0.07,16.67,,4.43,,8273.57,14.95,,08-18
825,600847,万里股份,0.02,-327.78,,0.37,,251.2,-328.79,,08-18
826,600282,南钢股份,0.52,69.86,,17.99,,228845.59,89.42,,08-18
827,300707,威唐工业,0.4,-46.1,,10.35,,6214.43,43.74,,08-18
828,000759,中百集团,0.67,235.0,,14.25,,45909.9,237.05,,08-18
829,603181,皇马科技,0.41,-2.38,,6.23,,8185.97,29.96,,08-18
830,000809,铁岭新城,0.01,-107.22,,0.18,,566.04,-107.07,,08-18
831,600410,华胜天成,0.01,-92.86,,0.24,,1153.1,-92.45,,08-18
832,002523,天桥起重,0.03,-25.0,,2.14,,4471.43,6.43,,08-18
833,600586,金晶科技,0.14,100.0,,4.69,,20195.04,94.5,,08-18
834,600127,金健米业,0.01,-27.52,,0.67,,509.76,-27.05,,08-18
835,002347,泰尔股份,0.03,50.26,,1.14,,1291.06,50.33,,08-18
836,000948,南天信息,-0.17,-27.08,,-2.92,,-4196.38,-27.11,,08-18
837,002190,成飞集成,-0.15,-1928.05,,-1.2,,-5342.42,-1992.13,,08-18
838,002717,岭南股份,0.39,-18.75,,10.22,,38689.04,93.06,,08-18
839,002832,比音勒芬,0.68,-13.92,,8.24,,12244.69,45.84,,08-18
840,000970,中科三环,0.11,-26.81,,2.58,,11228.04,-26.68,,08-18
841,600548,深高速,0.44,30.59,,6.91,,96865.33,30.59,,08-18
842,600665,天地源,0.26,113.84,,7.1,,22428.65,113.82,,08-18
843,300557,理工光科,-0.36,-1900.0,,-4.23,,-1983.11,-1748.58,,08-18
844,002840,华统股份,0.27,-22.86,,6.05,,7300.63,20.85,,08-18
845,600222,太龙药业,0.0,20.0,,0.19,,276.31,20.16,,08-18
846,000686,东北证券,0.11,-15.38,,1.6,,24857.61,-20.06,,08-18
847,000937,冀中能源,0.17,6.07,,3.07,,60515.89,6.07,,08-18
848,603899,晨光文具,0.41,29.6,,12.72,,37466.21,29.61,,08-18
849,603977,国泰集团,0.11,-26.67,,3.69,,3557.57,9.69,,08-18
850,600004,白云机场,0.34,-38.18,,4.55,,70305.12,-9.97,,08-18
851,002800,天顺股份,0.01,-96.3,,0.22,,98.23,-95.1,,08-18
852,000088,盐田港,0.09,11.65,,2.7,,17138.41,11.63,,08-18
853,002344,海宁皮城,0.18,12.5,,3.12,,23221.58,11.17,,08-18
854,300649,杭州园林,0.19,-20.83,,7.63,,2450.12,90.7,,08-18
855,600385,山东金泰,-0.04,100.0,,-8.61,,-529.67,102.07,,08-18
856,600438,通威股份,0.24,16.14,,6.71,,91935.44,16.14,,08-18
857,300142,沃森生物,0.05,-258.67,,2.24,,7316.02,-270.08,,08-18
858,603656,泰禾光电,0.24,-22.58,,4.19,,3505.81,23.32,,08-18
859,600720,祁连山,0.28,18.63,,4.04,,21947.5,18.65,,08-18
860,600770,综艺股份,0.05,150.0,,2.01,,7060.83,251.14,,08-18
861,002697,红旗连锁,0.11,57.14,,6.47,,15482.36,57.15,,08-18
862,600844,丹化科技,-0.04,-180.09,,-1.79,,-3765.13,-180.11,,08-18
863,600881,亚泰集团,0.02,-33.33,,0.53,,7953.65,12.25,,08-18
864,300507,苏奥传感,0.42,-2.33,,5.83,,5173.92,-0.88,,08-18
865,000166,申万宏源,0.09,-10.0,,3.14,,206556.54,0.76,,08-18
866,000513,丽珠集团,0.88,-26.05,,5.79,,63335.43,25.66,,08-18
867,002910,庄园牧场,0.14,-48.15,,2.31,,2632.55,-30.25,,08-18
868,000802,北京文化,0.06,14.85,,0.92,,4423.54,14.43,,08-18
869,600455,博通股份,-0.01,-45.83,,-0.64,,-82.51,-43.99,,08-18
870,300265,通光线缆,0.07,-41.67,,2.42,,2358.87,-43.83,,08-18
871,000531,穗恒运A,0.06,-65.98,,0.98,,3839.86,-65.95,,08-18
872,002401,中远海科,0.16,47.23,,5.74,,4755.74,47.27,,08-18
873,300124,汇川技术,0.3,11.11,,8.71,,49611.79,15.72,,08-18
874,603377,东方时尚,0.19,-29.63,,6.44,,11408.02,1.09,,08-18
875,002088,鲁阳节能,0.43,138.89,,7.78,,14931.81,138.27,,08-18
876,002635,安洁科技,0.32,14.29,,3.45,,23734.3,42.11,,08-18
877,603688,石英股份,0.17,36.55,,4.43,,5847.08,39.24,,08-18
878,002187,广百股份,0.31,6.9,,3.97,,10583.58,8.42,,08-18
879,600826,兰生股份,0.04,-63.64,,0.46,,1504.66,-67.26,,08-18
880,000021,深科技,0.12,-44.11,,2.89,,17177.82,-44.13,,08-18
881,002350,北京科锐,0.08,127.08,,2.88,,3783.05,173.12,10派0.6,08-18
882,600228,ST昌九,0.02,-133.33,,6.82,,371.41,-126.22,,08-18
883,000732,泰禾集团,0.79,6.91,,5.77,,98328.82,6.92,,08-18
884,000958,东方能源,0.11,175.0,,4.14,,11751.59,152.35,,08-18
885,002003,伟星股份,0.24,-14.29,,7.3,,18074.11,10.79,,08-18
886,600719,大连热电,0.03,-31.71,,1.57,,1149.15,-30.59,,08-18
887,600131,岷江水电,0.17,120.0,,6.96,,8299.3,120.71,,08-18
888,002391,长青股份,0.48,41.15,,5.54,,17253.36,42.72,,08-18
889,600277,亿利洁能,0.12,100.0,,2.22,,32349.33,101.06,,08-18
890,002930,宏川智慧,0.22,-8.33,,3.26,,4740.68,8.27,,08-18
891,002519,银河电子,0.06,-19.0,,2.03,,7369.38,-18.89,,08-18
892,600498,烽火通信,0.42,-2.33,,4.82,,46712.37,3.87,,08-18
893,600535,天士力,0.61,-12.63,,10.14,,92500.12,22.32,,08-18
894,002108,沧州明珠,0.09,-66.54,,3.88,,12337.98,-56.7,,08-18
895,603881,数据港,0.31,10.71,,7.16,,6563.31,16.43,,08-18
896,002205,国统股份,-0.04,11.14,,-0.56,,-521.51,11.19,,08-18
897,600888,新疆众和,0.12,41.9,,2.97,,10216.56,41.92,,08-18
898,600203,福日电子,0.06,35.44,,1.37,,2799.41,38.4,,08-18
899,000608,阳光股份,0.08,-172.73,,1.96,,5878.2,-174.56,,08-18
900,300649,杭州园林,0.19,-20.83,,7.63,,2450.12,90.7,,08-18
901,600385,山东金泰,-0.04,100.0,,-8.61,,-529.67,102.07,,08-18
902,600438,通威股份,0.24,16.14,,6.71,,91935.44,16.14,,08-18
903,300142,沃森生物,0.05,-258.67,,2.24,,7316.02,-270.08,,08-18
904,300265,通光线缆,0.07,-41.67,,2.42,,2358.87,-43.83,,08-18
905,000531,穗恒运A,0.06,-65.98,,0.98,,3839.86,-65.95,,08-18
906,002910,庄园牧场,0.14,-48.15,,2.31,,2632.55,-30.25,,08-18
907,000802,北京文化,0.06,14.85,,0.92,,4423.54,14.43,,08-18
908,600455,博通股份,-0.01,-45.83,,-0.64,,-82.51,-43.99,,08-18
909,300242,佳云科技,0.08,-52.94,,2.12,,4907.54,-53.45,,08-17
910,603630,拉芳家化,0.37,5.71,,4.79,,8344.64,57.84,,08-17
911,002741,光华科技,0.24,79.08,,7.75,,8841.02,86.13,,08-17
912,002315,焦点科技,0.14,0.0,,1.81,,3365.31,1.85,,08-17
913,600256,广汇能源,0.15,620.95,,6.53,,86719.28,690.48,,08-17
914,002429,兆驰股份,0.05,-26.8,,2.91,,24002.99,-26.77,,08-17
915,600368,五洲交通,0.21,-22.77,,7.08,,24025.61,4.29,,08-17
916,600420,现代制药,0.37,14.95,,6.43,,41038.55,14.87,,08-17
917,300169,天晟新材,0.02,182.89,,0.59,,701.9,182.71,,08-17
918,603586,金麒麟,0.17,-69.09,,1.68,,3627.17,-64.19,,08-17
919,300294,博雅生物,0.46,17.95,,6.72,,19096.32,21.07,,08-17
920,002643,万润股份,0.21,-12.5,,4.64,,19283.41,-9.75,,08-17
921,002195,二三四五,0.14,2.64,,7.76,,61421.36,35.58,,08-17
922,300505,川金诺,0.29,5.76,,4.02,,2708.9,5.76,,08-17
923,000510,金路集团,0.12,102.86,,8.25,,7338.22,102.77,,08-17
924,002876,三利谱,0.35,-27.08,,3.18,,2836.57,-7.36,,08-17
925,002383,合众思壮,0.24,253.64,,4.78,,18023.66,258.4,,08-17
926,002561,徐家汇,0.3,7.14,,5.66,,12367.9,7.61,,08-17
927,603663,三祥新材,0.32,77.78,,8.69,,4272.51,81.51,,08-17
928,300553,集智股份,0.22,-18.52,,3.2,,1078.35,-17.06,,08-17
929,600238,*ST椰岛,-0.26,1200.0,1.43,-16.65,-0.4,-11651.47,1549.28,,08-17
930,300655,晶瑞股份,0.16,-1.79,,5.18,,2391.44,67.16,,08-17
931,600312,平高电气,-0.1,-137.04,,-1.49,,-13072.76,-137.33,,08-17
932,603086,先达股份,1.1,28.59,,10.44,,12310.84,127.25,,08-17
933,600353,旭光股份,0.06,45.92,,2.85,,3110.75,46.0,,08-17
934,002020,京新药业,0.29,9.02,,5.55,,21307.11,25.34,,08-17
935,300277,海联讯,-0.01,-73.82,,-0.35,,-168.11,-73.78,,08-17
936,603616,韩建河山,0.01,-113.48,,0.5,,386.15,-113.44,,08-17
937,601877,正泰电器,0.83,38.33,,8.55,,178253.82,41.87,10派2,08-17
938,002915,中欣氟材,0.14,-48.82,,3.47,,1604.63,-30.84,,08-17
939,002428,云南锗业,0.01,200.0,,0.51,,761.7,192.94,,08-17
940,002450,康得新,0.43,21.02,,8.06,,151324.33,20.58,,08-17
941,300213,佳讯飞鸿,0.08,46.17,,2.57,,4987.16,51.28,,08-17
942,600716,凤凰股份,-0.01,-83.12,,-0.38,,-1222.25,-83.17,,08-17
943,600971,恒源煤电,0.45,-28.3,,6.25,,45266.16,-28.3,,08-17
944,300541,先进数通,0.1,-33.33,,2.43,,1814.35,-0.05,,08-17
945,000505,京粮控股,0.09,125.0,,2.73,,5991.9,247.84,,08-17
946,300046,台基股份,0.22,16.42,,5.5,,4713.42,74.58,,08-17
947,300178,腾邦国际,0.37,27.59,,8.15,,22696.48,39.73,,08-17
948,600807,*ST天业,-0.74,-1025.0,,-44.25,,-63871.64,-1060.97,,08-17
949,002815,崇达技术,0.34,-30.61,,10.77,,28046.71,38.15,,08-17
950,601366,利群股份,0.33,17.86,,6.01,,28112.36,34.7,,08-17
951,002880,卫光生物,0.64,-31.91,,5.67,,6916.49,-8.73,,08-17
952,002387,维信诺,0.02,-107.24,,0.15,,1612.51,-116.47,,08-17
953,002419,天虹股份,0.4,-14.89,,7.9,,48548.38,29.52,,08-17
954,300055,万邦达,0.18,-23.77,,2.67,,15677.89,-23.78,,08-17
955,002118,紫鑫药业,0.22,144.44,,6.48,,27682.59,150.88,,08-17
956,603757,大元泵业,0.75,-34.21,,9.41,,8742.52,22.14,,08-17
957,300485,赛升药业,0.27,-38.64,,5.55,,13180.47,25.16,,08-17
958,601005,重庆钢铁,0.09,-139.13,,4.45,,76196.0,-176.31,,08-17
959,300560,中富通,0.18,-50.0,,5.7,,2829.45,11.61,,08-17
960,603757,大元泵业,0.75,-34.21,,9.41,,8742.52,22.14,,08-17
961,300485,赛升药业,0.27,-38.64,,5.55,,13180.47,25.16,,08-17
962,601005,重庆钢铁,0.09,-139.13,,4.45,,76196.0,-176.31,,08-17
963,300560,中富通,0.18,-50.0,,5.7,,2829.45,11.61,,08-17
964,000605,渤海股份,0.08,-33.33,,1.03,,2112.91,-28.03,,08-17
965,600251,冠农股份,0.12,26.37,,4.86,,9739.74,26.4,,08-17
966,300066,三川智慧,0.04,-6.09,,2.71,,4169.23,-6.22,,08-17
967,002118,紫鑫药业,0.22,144.44,,6.48,,27682.59,150.88,,08-17
968,600835,上海机电,0.64,3.23,,6.34,,65358.34,3.63,,08-17
969,002747,埃斯顿,0.07,40.0,,3.59,,5631.11,40.37,,08-17
970,002776,柏堡龙,0.21,-32.26,,3.41,,7563.4,1.51,,08-17
971,300499,高澜股份,0.15,36.36,,2.9,,1833.84,42.02,,08-17
972,002805,丰元股份,0.14,-6.67,,2.29,,1323.6,-6.33,,08-17
973,300569,天能重工,0.2,-41.18,,1.81,,3059.94,-39.62,,08-17
974,002873,新天药业,0.48,-11.59,,5.15,,3288.25,10.95,,08-17
975,600622,光大嘉宝,0.28,-9.68,,5.71,,31898.87,17.63,,08-17
976,002879,长缆科技,0.38,-42.42,,5.09,,7295.61,7.65,,08-17
977,603738,泰晶科技,0.17,-34.62,,4.21,,2696.16,-10.18,,08-17
978,603889,新澳股份,0.3,-14.29,,5.19,,11784.52,5.29,,08-17
979,000006,深振业A,0.31,66.63,,7.2,,41596.87,66.65,,08-17
980,000603,盛达矿业,0.17,30.77,,4.66,,11632.86,19.93,,08-17
981,600249,两面针,-0.02,-79.5,,-0.66,,-1212.28,-79.46,,08-17
982,603269,海鸥股份,0.12,-36.84,,1.77,,1116.14,-17.73,,08-17
983,603322,超讯通信,0.03,-175.0,,0.55,,269.72,-186.79,,08-17
984,603606,东方电缆,0.11,22.22,,3.5,,5626.65,100.25,,08-17
985,603668,天马科技,0.17,6.25,,5.86,,5122.61,10.22,,08-17
986,002117,东港股份,0.36,32.46,,8.63,,13225.8,32.45,,08-17
987,300639,凯普生物,0.25,-49.3,,4.71,,4629.32,23.2,,08-17
988,002897,意华股份,0.21,-66.13,,3.14,,3505.98,-29.8,,08-17
989,603200,上海洗霸,0.61,24.49,,6.13,,4557.21,59.71,,08-17
990,600513,联环药业,0.14,16.67,,4.33,,3868.77,9.11,,08-17
991,002609,捷顺科技,0.06,-30.79,,1.7,,3878.68,-31.57,10派3,08-17
992,603711,香飘飘,-0.14,75.0,,-2.9,,-5458.6,78.92,,08-17
993,002700,新疆浩源,0.08,-11.11,,3.26,,3180.12,-13.01,,08-17
994,600845,宝信软件,0.37,42.53,,5.94,,29550.03,44.5,,08-17
995,600307,酒钢宏兴,0.09,66.79,,5.89,,58485.59,66.74,,08-17
996,000960,锡业股份,0.27,11.25,,4.04,,45230.72,26.16,,08-17
997,300183,东软载波,0.18,-37.68,,3.18,,8716.58,-33.82,,08-17
998,300257,开山股份,0.06,67.2,,1.59,,5380.82,67.14,,08-17
999,002105,信隆健康,0.01,-88.1,,0.72,,384.4,-87.61,,08-17
1000,603887,城地股份,0.34,-17.07,,6.34,,4933.84,21.46,,08-17
1001,300590,移为通信,0.3,5.58,,6.26,,4870.98,10.18,,08-17
1002,600248,延长化建,0.1,3.87,,3.11,,6444.86,3.85,,08-17
1003,300705,九典制药,0.12,-57.14,,4.15,,2791.56,13.54,,08-17
1004,603260,合盛硅业,2.16,134.78,,23.74,,144590.71,161.08,,08-17
1005,002546,新联电子,0.08,33.33,,2.28,,6511.74,31.52,,08-17
1006,603458,勘设股份,1.39,-11.46,,8.53,,17294.91,18.35,,08-17
1007,603605,珀莱雅,0.64,8.47,,8.52,,12892.54,44.88,,08-17
1008,002084,海鸥住工,0.08,-8.74,,2.46,,4023.24,1.36,,08-17
1009,002114,罗平锌电,-0.25,-1350.0,,-4.54,,-8002.31,-1126.46,,08-17
1010,600761,安徽合力,0.46,27.78,,7.25,,34121.7,52.44,,08-17
1011,600868,梅雁吉祥,0.0,-93.77,,0.29,,676.61,-93.84,,08-17
1012,601016,节能风电,0.08,47.27,,4.97,,33785.57,47.11,,08-17
1013,300678,中科信息,0.07,-57.26,,2.36,,1255.79,2.53,,08-17
1014,600298,安琪酵母,0.61,19.39,,12.73,,50278.48,19.45,,08-17
1015,603058,永吉股份,0.15,55.25,,7.18,,6320.61,56.07,,08-17
1016,603113,金能科技,0.77,28.33,,12.75,,52251.56,43.57,,08-17
1017,603378,亚士创能,0.1,-60.0,,1.51,,1927.92,-46.87,,08-17
1018,300398,飞凯材料,0.36,414.29,,7.82,,15572.14,542.43,,08-17
1019,603876,鼎胜新材,0.27,3.85,,3.89,,10340.33,9.18,,08-17
1020,300213,佳讯飞鸿,0.08,46.17,,2.57,,4987.16,51.28,,08-17
1021,002020,京新药业,0.29,9.02,,5.55,,21307.11,25.34,,08-17
1022,300277,海联讯,-0.01,-73.82,,-0.35,,-168.11,-73.78,,08-17
1023,603616,韩建河山,0.01,-113.48,,0.5,,386.15,-113.44,,08-17
1024,600333,长春燃气,-0.14,-800.0,,-4.04,,-8636.26,-766.43,,08-16
1025,603389,亚振家居,-0.08,-180.0,,-2.04,,-1787.61,-177.86,,08-16
1026,300222,科大智能,0.16,6.67,,2.8,,11549.9,15.22,,08-16
1027,002642,荣之联,0.0,-112.07,,0.07,,276.74,-112.57,,08-16
1028,600766,园城黄金,0.0,-62.0,,1.53,,85.49,-59.91,,08-16
1029,601233,桐昆股份,0.98,96.0,,9.7,,136088.82,119.33,,08-16
1030,603659,璞泰来,0.59,11.32,,9.75,,25706.37,31.29,,08-16
1031,002449,国星光电,0.36,12.66,,6.94,,22515.24,46.49,,08-16
1032,300036,超图软件,0.09,51.72,,2.18,,3949.42,51.78,,08-16
1033,002497,雅化集团,0.16,21.17,,5.85,,15329.11,21.16,,08-16
1034,603896,寿仙谷,0.38,2.7,,6.02,,5404.06,31.94,,08-16
1035,600225,天津松江,-0.2,-141.84,,-12.24,,-18743.8,-141.88,,08-16
1036,600379,宝光股份,0.09,-8.33,,4.22,,2126.5,-8.41,,08-16
1037,002092,中泰化学,0.58,-0.1,,7.14,,124298.44,-0.11,,08-16
1038,603001,奥康国际,0.42,-4.05,,4.03,,16791.95,-4.05,,08-16
1039,000708,大冶特钢,0.57,35.15,,6.22,,25563.38,35.02,,08-16
1040,603156,养元饮品,1.77,-12.39,,13.46,,130815.04,30.78,,08-16
1041,000798,中水渔业,-0.01,-197.65,,-0.39,,-265.92,-198.49,,08-16
1042,300054,鼎龙股份,0.14,-12.5,,3.6,,13144.79,-15.37,,08-16
1043,603356,华菱精工,0.24,-25.0,,6.37,,3132.95,-1.51,,08-16
1044,300184,力源信息,0.33,14.32,,5.0,,21557.7,40.32,,08-16
1045,603589,口子窖,1.22,38.64,,13.64,,73331.5,39.45,,08-16
1046,600725,ST云维,0.01,605.88,,4.96,,1476.56,599.3,,08-16
1047,603996,中新科技,0.09,80.46,,1.71,,2578.37,80.38,,08-16
1048,600980,北矿科技,0.12,18.5,,3.2,,1832.86,18.54,,08-16
1049,002737,葵花药业,0.73,10.71,,9.3,,28279.38,47.62,,08-16
1050,000417,合肥百货,0.21,-7.25,,4.37,,16368.56,-7.25,,08-16
1051,601600,中国铝业,0.05,-4.8,,1.87,,84833.7,12.91,,08-16
1052,300591,万里马,0.04,-7.35,,2.64,,1220.03,-7.36,,08-16
1053,603059,倍加洁,0.62,-13.89,,6.91,,4521.51,4.32,,08-16
1054,002453,华软科技,0.02,300.0,,1.5,,1320.95,389.96,,08-16
1055,600423,*ST柳化,-0.06,-72.73,,-97.52,,-2532.68,-71.19,,08-16
1056,603298,杭叉集团,0.51,13.33,,8.65,,31555.92,12.19,,08-16
1057,300457,赢合科技,0.51,-45.74,,9.47,,17001.78,48.71,,08-16
1058,002293,罗莱生活,0.3,28.53,,6.33,,21842.81,35.14,,08-16
1059,300692,中环环保,0.14,-39.13,,3.25,,2300.93,22.56,,08-16
1060,603079,圣达生物,0.33,-52.17,,4.77,,3735.64,-10.29,,08-16
1061,603138,海量数据,0.22,1.38,,5.99,,2357.92,8.97,,08-16
1062,603227,雪峰科技,0.01,-225.0,,0.26,,302.12,-230.98,,08-16
1063,603348,文灿股份,0.33,-23.26,,4.23,,6008.19,-14.61,,08-16
1064,603920,世运电路,0.24,-17.24,,4.05,,9675.68,-2.19,,08-16
1065,300472,新元科技,0.12,200.0,,1.45,,1467.44,264.11,,08-16
1066,002911,佛燃股份,0.43,10.26,,9.73,,23890.12,22.64,,08-16
1067,300064,豫金刚石,0.14,77.27,,2.41,,16736.52,77.38,,08-16
1068,600456,宝钛股份,0.08,-164.97,,0.99,,3400.17,-165.01,,08-16
1069,002402,和而泰,0.15,25.0,,9.07,,12875.69,26.28,,08-16
1070,002917,金奥博,0.28,-22.31,,5.19,,3161.74,4.97,,08-16
1071,603330,上海天洋,0.32,113.33,,3.1,,1901.99,126.23,,08-16
1072,002216,三全食品,0.1,11.11,,4.04,,8218.85,12.83,,08-16
1073,000423,东阿阿胶,1.32,-4.35,,8.64,,86225.27,-4.35,,08-16
1074,603809,豪能股份,0.55,-43.37,,5.46,,8248.83,5.7,,08-16
1075,300159,新研股份,0.13,111.73,,2.91,,18849.52,106.15,,08-16
1076,300383,光环新网,0.2,42.86,,4.44,,29189.88,39.27,,08-16
1077,603819,神力股份,0.16,-11.11,,2.64,,1987.82,-7.87,,08-16
1078,600896,*ST海投,0.06,-130.0,,2.99,,5073.52,-128.65,,08-16
1079,000001,平安银行,0.73,7.35,12.13,6.13,0.43,1337200.0,6.52,,08-16
1080,000417,合肥百货,0.21,-7.25,,4.37,,16368.56,-7.25,,08-16
1081,601600,中国铝业,0.05,-4.8,,1.87,,84833.7,12.91,,08-16
1082,300591,万里马,0.04,-7.35,,2.64,,1220.03,-7.36,,08-16
1083,300457,赢合科技,0.51,-45.74,,9.47,,17001.78,48.71,,08-16
1084,002293,罗莱生活,0.3,28.53,,6.33,,21842.81,35.14,,08-16
1085,603059,倍加洁,0.62,-13.89,,6.91,,4521.51,4.32,,08-16
1086,002453,华软科技,0.02,300.0,,1.5,,1320.95,389.96,,08-16
1087,600423,*ST柳化,-0.06,-72.73,,-97.52,,-2532.68,-71.19,,08-16
1088,603298,杭叉集团,0.51,13.33,,8.65,,31555.92,12.19,,08-16
1089,603920,世运电路,0.24,-17.24,,4.05,,9675.68,-2.19,,08-16
1090,300472,新元科技,0.12,200.0,,1.45,,1467.44,264.11,,08-16
1091,300692,中环环保,0.14,-39.13,,3.25,,2300.93,22.56,,08-16
1092,603079,圣达生物,0.33,-52.17,,4.77,,3735.64,-10.29,,08-16
1093,603138,海量数据,0.22,1.38,,5.99,,2357.92,8.97,,08-16
1094,603227,雪峰科技,0.01,-225.0,,0.26,,302.12,-230.98,,08-16
1095,603348,文灿股份,0.33,-23.26,,4.23,,6008.19,-14.61,,08-16
1096,002911,佛燃股份,0.43,10.26,,9.73,,23890.12,22.64,,08-16
1097,300064,豫金刚石,0.14,77.27,,2.41,,16736.52,77.38,,08-16
1098,600456,宝钛股份,0.08,-164.97,,0.99,,3400.17,-165.01,,08-16
1099,002216,三全食品,0.1,11.11,,4.04,,8218.85,12.83,,08-16
1100,000423,东阿阿胶,1.32,-4.35,,8.64,,86225.27,-4.35,,08-16
1101,002402,和而泰,0.15,25.0,,9.07,,12875.69,26.28,,08-16
1102,002917,金奥博,0.28,-22.31,,5.19,,3161.74,4.97,,08-16
1103,603330,上海天洋,0.32,113.33,,3.1,,1901.99,126.23,,08-16
1104,603809,豪能股份,0.55,-43.37,,5.46,,8248.83,5.7,,08-16
1105,002146,荣盛发展,0.52,33.33,,8.1,,224686.8,33.38,,08-15
1106,600778,*ST友好,0.19,-130.8,,8.1,,6016.37,-130.81,,08-15
1107,600988,赤峰黄金,0.04,-63.64,,2.25,,6225.51,-21.85,,08-15
1108,002303,美盈森,0.11,20.83,,3.98,,17438.3,20.8,,08-15
1109,600664,哈药股份,0.15,7.14,,5.17,,36297.66,4.44,,08-15
1110,002714,牧原股份,-0.04,-103.57,,-0.63,,-7865.57,-106.55,,08-15
1111,600867,通化东宝,0.26,8.33,,11.32,,53670.5,30.78,,08-15
1112,300495,美尚生态,0.24,30.7,,4.93,,14537.72,31.28,,08-15
1113,000070,特发信息,0.16,-7.87,,4.8,,9753.95,-7.92,,08-15
1114,002895,川恒股份,0.07,-70.35,,1.56,,2964.26,-67.05,,08-15
1115,603288,海天味业,0.83,22.06,,19.13,,224801.78,23.3,,08-15
1116,002579,中京电子,0.11,1000.0,,4.06,,4077.89,627.78,,08-15
1117,600796,钱江生化,-0.02,-117.09,,-1.01,,-632.01,-117.89,,08-15
1118,300732,设研院,0.81,-35.71,,6.63,,10526.96,54.75,,08-15
1119,603303,得邦照明,0.27,-55.65,,4.6,,11133.92,-13.83,,08-15
1120,000905,厦门港务,0.04,-70.83,,0.7,,1872.02,-70.68,,08-15
1121,002145,中核钛白,0.13,-9.49,,6.88,,21254.01,-9.57,,08-15
1122,600810,神马股份,0.86,681.82,,13.95,,37933.95,655.6,,08-15
1123,603169,兰石重装,-0.05,-484.87,,-1.48,,-4815.43,-494.42,,08-15
1124,002597,金禾实业,0.96,12.94,,15.05,,54286.27,12.09,,08-15
1125,601199,江南水务,0.1,-37.5,,3.34,,9194.14,-39.87,,08-15
1126,603186,华正新材,0.24,-40.0,,4.96,,3123.21,-39.72,,08-15
1127,000886,海南高速,0.08,-17.39,,2.8,,7467.91,-18.32,,08-15
1128,603328,依顿电子,0.26,4.0,,5.43,,25891.03,2.52,10派5.6,08-15
1129,600590,泰豪科技,0.17,70.0,,3.03,,11534.35,70.69,,08-15
1130,300428,四通新材,0.13,-13.33,,5.34,,3757.22,4.0,,08-15
1131,600873,梅花生物,0.15,-25.0,,5.03,,46964.01,-24.31,,08-15
1132,601677,明泰铝业,0.44,18.92,,4.55,,25480.84,41.26,,08-15
1133,600227,圣济堂,0.07,4247.06,,2.71,,12828.68,4194.86,,08-15
1134,603069,海汽集团,0.11,0.0,,3.22,,3479.88,1.46,,08-15
1135,600629,华建集团,0.34,83.46,,5.77,,14765.07,100.47,,08-15
1136,600886,国投电力,0.23,21.73,,4.94,,157050.69,21.74,,08-15
1137,000521,长虹美菱,0.05,-44.95,,1.0,,5068.42,-44.95,,08-15
1138,000582,北部湾港,0.24,0.84,,4.59,,33272.87,12.59,,08-15
1139,002485,希努尔,0.0,-106.48,,0.08,,162.16,-106.99,,08-15
1140,601636,旗滨集团,0.24,18.81,,8.95,,65536.51,22.33,,08-15
1141,300745,欣锐科技,0.48,33.33,,5.66,,4376.01,41.98,,08-15
1142,300226,上海钢联,0.38,165.29,,7.04,,6049.17,165.01,,08-15
1143,002755,东方新星,0.04,91.3,,1.46,,762.77,224.06,,08-15
1144,600198,*ST大唐,-0.41,13.61,,,,-36592.88,13.64,,08-15
1145,002857,三晖电气,0.02,233.33,,0.56,,239.29,379.71,,08-15
1146,300201,海伦哲,0.02,-24.36,,1.38,,2160.66,-23.69,,08-15
1147,603737,三棵树,0.44,10.0,,5.18,,5905.66,46.27,,08-15
1148,300450,先导智能,0.37,-15.36,,11.79,,32689.25,82.64,,08-15
1149,300525,博思软件,-0.11,-260.5,,-2.96,,-1405.74,-388.95,,08-15
1150,600329,中新药业,0.41,13.57,,6.79,,31349.19,12.97,,08-15
1151,000895,双汇发展,0.72,25.26,,16.32,,238533.23,25.28,,08-15
1152,300130,新国都,0.15,15.38,,2.94,,5927.62,90.55,10派2,08-15
1153,002688,金河生物,0.13,8.33,,5.44,,8517.9,10.9,,08-15
1154,600067,冠城大通,0.09,-73.53,,1.79,,13015.74,-74.54,,08-15
1155,603030,全筑股份,0.13,160.0,,4.41,,7211.53,180.06,,08-15
1156,603225,新凤鸣,0.96,0.0,,11.67,,81159.42,54.2,,08-15
1157,603398,邦宝益智,0.07,-50.0,,2.44,,1545.66,-46.05,,08-15
1158,600636,三爱富,0.54,128.5,,9.06,,23962.62,127.78,,08-15
1159,603708,家家悦,0.41,32.26,,7.71,,19369.15,35.63,,08-15
1160,300377,赢时胜,0.1,52.01,,2.77,,7569.02,51.08,,08-15
1161,300471,厚普股份,-0.21,-224.03,,-4.66,,-7671.7,-224.0,,08-15
1162,000566,海南海药,0.12,41.18,,3.11,,14947.51,31.61,,08-15
1163,600664,哈药股份,0.15,7.14,,5.17,,36297.66,4.44,,08-15
1164,002146,荣盛发展,0.52,33.33,,8.1,,224686.8,33.38,,08-15
1165,600778,*ST友好,0.19,-130.8,,8.1,,6016.37,-130.81,,08-15
1166,600988,赤峰黄金,0.04,-63.64,,2.25,,6225.51,-21.85,,08-15
1167,002303,美盈森,0.11,20.83,,3.98,,17438.3,20.8,,08-15
1168,002895,川恒股份,0.07,-70.35,,1.56,,2964.26,-67.05,,08-15
1169,603288,海天味业,0.83,22.06,,19.13,,224801.78,23.3,,08-15
1170,002579,中京电子,0.11,1000.0,,4.06,,4077.89,627.78,,08-15
1171,002714,牧原股份,-0.04,-103.57,,-0.63,,-7865.57,-106.55,,08-15
1172,600867,通化东宝,0.26,8.33,,11.32,,53670.5,30.78,,08-15
1173,300495,美尚生态,0.24,30.7,,4.93,,14537.72,31.28,,08-15
1174,000070,特发信息,0.16,-7.87,,4.8,,9753.95,-7.92,,08-15
1175,300732,设研院,0.81,-35.71,,6.63,,10526.96,54.75,,08-15
1176,603303,得邦照明,0.27,-55.65,,4.6,,11133.92,-13.83,,08-15
1177,000905,厦门港务,0.04,-70.83,,0.7,,1872.02,-70.68,,08-15
1178,600796,钱江生化,-0.02,-117.09,,-1.01,,-632.01,-117.89,,08-15
1179,603169,兰石重装,-0.05,-484.87,,-1.48,,-4815.43,-494.42,,08-15
1180,002597,金禾实业,0.96,12.94,,15.05,,54286.27,12.09,,08-15
1181,002145,中核钛白,0.13,-9.49,,6.88,,21254.01,-9.57,,08-15
1182,600810,神马股份,0.86,681.82,,13.95,,37933.95,655.6,,08-15
1183,603186,华正新材,0.24,-40.0,,4.96,,3123.21,-39.72,,08-15
1184,000886,海南高速,0.08,-17.39,,2.8,,7467.91,-18.32,,08-15
1185,603328,依顿电子,0.26,4.0,,5.43,,25891.03,2.52,10派5.6,08-15
1186,600590,泰豪科技,0.17,70.0,,3.03,,11534.35,70.69,,08-15
1187,601199,江南水务,0.1,-37.5,,3.34,,9194.14,-39.87,,08-15
1188,600381,青海春天,0.13,6.16,,3.51,,8264.86,-2.3,,08-14
1189,603081,大丰实业,0.25,-16.67,,6.36,,10052.64,-7.23,,08-14
1190,300185,通裕重工,0.03,0.0,,2.14,,10943.68,10.54,,08-14
1191,600982,宁波热电,0.12,43.57,,3.58,,9084.28,43.52,,08-14
1192,002837,英维克,0.22,10.0,,5.88,,4396.34,10.07,,08-14
1193,002865,钧达股份,0.21,0.0,,2.96,,2550.52,18.87,,08-14
1194,603183,建研院,0.22,-43.59,,4.2,,2765.35,8.4,,08-14
1195,300122,智飞生物,0.43,287.73,,20.81,,68237.85,297.22,,08-14
1196,300211,亿通科技,0.01,-25.56,,0.41,,202.67,-25.73,,08-14
1197,603208,江山欧派,0.71,-11.25,,5.73,,5770.21,-2.91,,08-14
1198,300395,菲利华,0.27,48.15,,8.41,,7906.33,48.9,,08-14
1199,002267,陕天然气,0.29,29.66,,5.73,,32673.57,29.68,,08-14
1200,603208,江山欧派,0.71,-11.25,,5.73,,5770.21,-2.91,,08-14
1201,300395,菲利华,0.27,48.15,,8.41,,7906.33,48.9,,08-14
1202,002267,陕天然气,0.29,29.66,,5.73,,32673.57,29.68,,08-14
1203,000519,中兵红箭,0.11,-8007.14,,2.04,,15532.77,-7959.41,,08-14
1204,002386,天原集团,0.16,292.75,,2.51,,10551.21,302.63,,08-14
1205,300145,中金环境,0.27,28.85,,6.76,,32152.76,28.84,,08-14
1206,002203,海亮股份,0.33,36.39,,10.11,,55066.99,36.85,,08-14
1207,000536,华映科技,-0.1,-483.2,,-2.81,,-27123.74,-483.42,,08-14
1208,300003,乐普医疗,0.45,63.02,,12.63,,80978.5,63.48,,08-14
1209,000862,银星能源,0.07,-421.36,,1.79,,4672.94,-419.73,,08-14
1210,600740,山西焦化,0.75,2781.15,,32.36,,82325.17,4038.96,,08-14
1211,300681,英搏尔,0.53,-21.38,,6.1,,4041.73,4.77,,08-14
1212,000899,赣能股份,0.1,8.41,,2.2,,9932.83,8.4,,08-14
1213,600520,文一科技,-0.12,570.39,,-4.35,,-1861.97,558.02,,08-14
1214,002724,海洋王,0.05,69.71,,1.9,,3348.4,103.42,,08-14
1215,002654,万润科技,0.11,22.22,,3.23,,10072.75,32.37,,08-14
1216,600051,宁波联合,0.16,35.04,,2.06,,4915.31,36.72,,08-14
1217,300318,博晖创新,0.02,8.9,,1.14,,1695.2,8.82,,08-14
1218,300423,鲁亿通,0.78,766.67,,9.13,,20682.9,1982.43,,08-14
1219,300224,正海磁材,0.04,-300.0,,1.19,,3494.73,-333.46,,08-14
1220,600096,云天化,0.05,-119.15,,1.79,,6598.03,-119.16,,08-14
1221,002839,张家港行,0.23,15.0,,4.86,,41155.96,17.0,,08-14
1222,600547,山东黄金,0.33,0.0,,3.68,,61202.2,-0.93,,08-14
1223,002012,凯恩股份,0.02,-60.0,,0.84,,1026.44,-53.0,,08-14
1224,002788,鹭燕医药,0.42,-16.0,,5.48,,8158.56,28.57,,08-14
1225,002853,皮阿诺,0.31,-51.56,,5.26,,4853.18,39.9,,08-14
1226,300252,金信诺,0.16,-37.42,,3.94,,9122.09,-18.65,,08-14
1227,603650,彤程新材,0.42,50.0,,16.68,,22018.18,48.74,,08-14
1228,601138,工业富联,0.3,,,17.52,,544410.0,2.24,,08-14
1229,002489,浙江永强,-0.02,-116.67,,-1.35,,-4332.48,-117.31,,08-14
1230,603444,吉比特,4.68,12.23,,13.8,,33499.59,11.91,,08-14
1231,300381,溢多利,0.08,50.1,,1.6,,3133.26,50.17,,08-14
1232,002230,科大讯飞,0.06,-25.0,,1.69,,13060.27,21.74,,08-14
1233,600048,保利地产,0.55,14.58,,5.88,,650544.33,15.13,,08-14
1234,300731,科创新源,0.33,-35.29,,5.81,,2879.14,-13.64,,08-13
1235,600869,智慧能源,0.1,106.61,,4.13,,22189.98,106.42,,08-13
1236,300052,中青宝,0.11,120.0,,3.6,,2750.87,128.47,,08-13
1237,300047,天源迪科,0.1,206.71,,1.35,,3836.24,242.18,,08-13
1238,603566,普莱柯,0.24,26.32,,4.73,,7643.47,23.4,,08-11
1239,002214,大立科技,0.05,25.0,,2.07,,2077.42,20.32,,08-11
1240,603701,德宏股份,0.27,-34.15,,6.39,,3917.71,-3.29,,08-11
1241,300375,鹏翎股份,0.15,-57.6,,3.37,,5372.85,-17.29,,08-11
1242,600836,界龙实业,0.02,-184.21,,1.15,,1027.83,-180.58,,08-11
1243,600141,兴发集团,0.23,42.0,,2.23,,18463.82,68.42,,08-11
1244,002908,德生科技,0.19,-17.77,,3.89,,2474.93,9.67,,08-11
1245,603033,三维股份,0.34,100.0,,3.08,,4298.33,97.66,,08-11
1246,600588,用友网络,0.07,-275.0,3.06,2.17,-0.02,12365.65,-293.91,,08-11
1247,603669,灵康药业,0.19,-17.39,,5.25,,6916.42,17.29,,08-11
1248,000783,长江证券,0.07,-61.11,,1.42,,37786.55,-62.02,,08-11
1249,300177,中海达,0.12,115.68,,3.06,,5265.13,116.94,,08-11
1250,300322,硕贝德,0.09,350.0,,5.67,,3492.35,342.46,,08-11
1251,603696,安记食品,0.13,-7.14,,2.93,,2123.32,24.94,,08-11
1252,600231,凌钢股份,0.27,68.75,,11.08,,74880.91,84.85,,08-11
1253,002063,远光软件,0.13,1.54,,3.65,,7612.15,2.44,,08-11
1254,002648,卫星石化,0.31,-48.94,,4.46,,32665.99,-32.53,,08-11
1255,601158,重庆水务,0.17,-19.05,,5.65,,79627.13,-22.26,,08-11
1256,000411,英特集团,0.24,20.0,,5.75,,4984.4,18.15,,08-11
1257,601619,嘉泽新能,0.08,57.14,,6.27,,15742.91,74.63,,08-11
1258,000615,京汉股份,0.0,-110.81,,0.16,,316.21,-110.95,,08-11
1259,600422,昆药集团,0.23,-16.1,,4.84,,18059.78,-16.2,,08-11
1260,000735,罗牛山,0.29,157.24,,8.99,,33536.42,157.18,,08-11
1261,300019,硅宝科技,0.03,-42.83,,1.4,,1054.18,-42.91,,08-11
1262,000793,华闻传媒,0.04,-77.05,,0.83,,8185.33,-77.23,,08-11
1263,002006,精功科技,0.07,16.67,,3.03,,3147.56,13.98,,08-11
1264,002138,顺络电子,0.28,21.74,,5.61,,22632.38,30.2,,08-11
1265,002197,证通电子,0.07,250.0,,1.21,,3368.47,262.46,,08-11
1266,002274,华昌化工,0.12,161.84,,2.99,,7928.85,161.79,,08-11
1267,600408,*ST安泰,0.44,-728.57,,49.31,,44725.5,-767.38,,08-11
1268,300236,上海新阳,-0.1,-154.05,,-1.45,,-1876.19,-154.07,,08-11
1269,002675,东诚药业,0.16,53.72,,3.78,,11196.05,53.68,,08-11
1270,002707,众信旅游,0.16,42.98,,6.03,,13828.37,45.18,,08-11
1271,000613,大东海A,0.0,-25.53,,1.65,,128.22,-25.42,,08-11
1272,603018,中设集团,0.54,-6.9,,7.62,,16764.77,38.96,,08-11
1273,600563,法拉电子,0.96,13.53,,10.19,,21521.39,13.54,,08-11
1274,601616,广电电气,0.02,97.98,,0.77,,1836.46,97.67,,08-11
1275,600435,北方导航,0.01,180.69,,0.63,,1341.35,180.31,,08-11
1276,300223,北京君正,0.06,160.35,,1.05,,1186.14,213.68,,08-11
1277,002223,鱼跃医疗,0.47,17.5,,8.58,,46994.4,18.04,,08-11
1278,000037,深南电A,0.05,-225.0,,1.52,,3001.21,-232.63,,08-11
1279,000753,漳州发展,0.05,326.09,,2.24,,4891.5,328.58,,08-11
1280,603566,普莱柯,0.24,26.32,,4.73,,7643.47,23.4,,08-11
1281,002214,大立科技,0.05,25.0,,2.07,,2077.42,20.32,,08-11
1282,002349,精华制药,0.15,32.11,,5.44,,12713.49,31.99,,08-10
1283,600426,华鲁恒升,1.04,207.72,,16.59,,168005.61,207.98,,08-10
1284,603505,金石资源,0.18,5.88,,5.68,,4247.67,25.43,,08-10
1285,002033,丽江旅游,0.22,18.97,,4.99,,11889.14,18.97,,08-10
1286,300623,捷捷微电,0.47,-39.84,,6.66,,8357.03,14.99,,08-10
1287,600276,恒瑞医药,0.52,-7.53,,11.67,,190976.74,21.38,,08-10
1288,603166,福达股份,0.11,-21.43,,3.16,,6745.1,-18.05,,08-10
1289,000799,酒鬼酒,0.35,38.32,,5.62,,11447.45,38.3,,08-10
1290,300105,龙源技术,0.0,,,0.06,,181.06,39.19,,08-10
1291,000401,冀东水泥,0.38,-566.83,,5.05,,51580.98,-565.78,,08-10
1292,000877,天山股份,0.29,912.76,,4.11,,30798.95,1107.46,,08-10
1293,603559,中通国脉,0.12,50.0,,2.46,,1614.15,51.43,,08-10
1294,300684,中石科技,0.5,-7750.77,,7.5,,4320.29,-10284.26,10转8,08-10
1295,002434,万里扬,0.21,-32.26,,4.5,,27904.21,-33.8,,08-10
1296,300620,光库科技,0.52,57.13,,9.18,,4554.73,79.56,,08-10
1297,300653,正海生物,0.5,51.52,,8.05,,3997.73,91.39,,08-10
1298,603032,德新交运,0.01,-88.89,,0.52,,225.16,-81.91,,08-10
1299,600644,乐山电力,0.11,-4.35,,4.45,,5798.8,-4.38,,08-10
1300,300628,亿联网络,1.37,-70.6,,13.48,,41014.03,34.43,,08-10
1301,000667,美好置业,0.09,-24.66,,3.15,,22604.75,-24.66,,08-10
1302,002912,中新赛克,0.58,-19.44,,5.38,,6209.54,73.11,,08-10
1303,002050,三花智控,0.32,14.29,,8.3,,67705.61,32.01,10派1,08-10
1304,603128,华贸物流,0.18,20.0,,4.74,,18155.4,18.42,,08-10
1305,000782,美达股份,0.05,150.0,,2.05,,2455.6,142.72,,08-10
1306,600378,天科股份,0.09,12.5,,3.43,,2772.64,19.68,,08-10
1307,300081,恒信东方,0.35,169.23,,7.98,,18774.48,206.19,,08-10
1308,603380,易德龙,0.32,0.0,,7.24,,5174.94,34.48,,08-10
1309,000089,深圳机场,0.18,16.41,,3.25,,36951.25,16.42,,08-10
1310,601225,陕西煤业,0.59,7.27,,12.5,,594415.79,8.61,,08-10
1311,600338,西藏珠峰,0.81,-7.0,,27.24,,52995.41,-7.01,10派6,08-10
1312,300094,国联水产,0.21,133.33,,8.26,,16762.96,136.58,,08-10
1313,002536,西泵股份,0.39,39.29,,6.17,,12934.02,36.68,,08-10
1314,603588,高能环境,0.23,129.0,,6.71,,15186.36,130.03,,08-10
1315,000301,东方市场,0.06,-50.0,,1.95,,6968.49,-51.82,,08-10
1316,600814,杭州解百,0.16,33.33,,4.8,,11343.72,29.59,,08-10
1317,600901,江苏租赁,0.23,,3.49,7.11,,64261.12,10.15,,08-10
1318,000779,三毛派神,-0.03,-115.26,,-1.85,,-546.27,-115.64,,08-10
1319,002636,金安国纪,0.24,-33.33,,7.58,,17502.23,-33.16,,08-10
1320,603166,福达股份,0.11,-21.43,,3.16,,6745.1,-18.05,,08-10
1321,000799,酒鬼酒,0.35,38.32,,5.62,,11447.45,38.3,,08-10
1322,300105,龙源技术,0.0,,,0.06,,181.06,39.19,,08-10
1323,000877,天山股份,0.29,912.76,,4.11,,30798.95,1107.46,,08-10
1324,603559,中通国脉,0.12,50.0,,2.46,,1614.15,51.43,,08-10
1325,300684,中石科技,0.5,-7750.77,,7.5,,4320.29,-10284.26,10转8,08-10
1326,002434,万里扬,0.21,-32.26,,4.5,,27904.21,-33.8,,08-10
1327,300620,光库科技,0.52,57.13,,9.18,,4554.73,79.56,,08-10
1328,300653,正海生物,0.5,51.52,,8.05,,3997.73,91.39,,08-10
1329,603032,德新交运,0.01,-88.89,,0.52,,225.16,-81.91,,08-10
1330,600644,乐山电力,0.11,-4.35,,4.45,,5798.8,-4.38,,08-10
1331,300628,亿联网络,1.37,-70.6,,13.48,,41014.03,34.43,,08-10
1332,000667,美好置业,0.09,-24.66,,3.15,,22604.75,-24.66,,08-10
1333,002912,中新赛克,0.58,-19.44,,5.38,,6209.54,73.11,,08-10
1334,002050,三花智控,0.32,14.29,,8.3,,67705.61,32.01,10派1,08-10
1335,000089,深圳机场,0.18,16.41,,3.25,,36951.25,16.42,,08-10
1336,601225,陕西煤业,0.59,7.27,,12.5,,594415.79,8.61,,08-10
1337,603128,华贸物流,0.18,20.0,,4.74,,18155.4,18.42,,08-10
1338,000782,美达股份,0.05,150.0,,2.05,,2455.6,142.72,,08-10
1339,600378,天科股份,0.09,12.5,,3.43,,2772.64,19.68,,08-10
1340,300081,恒信东方,0.35,169.23,,7.98,,18774.48,206.19,,08-10
1341,603380,易德龙,0.32,0.0,,7.24,,5174.94,34.48,,08-10
1342,000301,东方市场,0.06,-50.0,,1.95,,6968.49,-51.82,,08-10
1343,600338,西藏珠峰,0.81,-7.0,,27.24,,52995.41,-7.01,10派6,08-10
1344,300094,国联水产,0.21,133.33,,8.26,,16762.96,136.58,,08-10
1345,002536,西泵股份,0.39,39.29,,6.17,,12934.02,36.68,,08-10
1346,603588,高能环境,0.23,129.0,,6.71,,15186.36,130.03,,08-10
1347,600814,杭州解百,0.16,33.33,,4.8,,11343.72,29.59,,08-10
1348,600901,江苏租赁,0.23,,3.49,7.11,,64261.12,10.15,,08-10
1349,002125,湘潭电化,0.09,40.63,,2.72,,3038.05,38.0,,08-10
1350,600785,新华百货,0.61,27.57,,6.73,,13856.55,27.56,10派4.913,08-10
1351,000779,三毛派神,-0.03,-115.26,,-1.85,,-546.27,-115.64,,08-10
1352,002636,金安国纪,0.24,-33.33,,7.58,,17502.23,-33.16,,08-10
1353,600976,健民集团,0.38,22.58,,5.21,,5749.25,19.37,,08-10
1354,000831,五矿稀土,0.07,157.62,,3.31,,6799.12,157.35,,08-10
1355,002535,林州重机,0.08,174.0,,2.23,,6590.6,221.69,,08-10
1356,000683,远兴能源,0.16,100.0,,7.15,,65295.0,104.68,,08-09
1357,300039,上海凯宝,0.17,-5.84,,7.48,,18313.69,-5.85,,08-09
1358,300545,联得装备,0.26,-29.73,,7.13,,3733.86,41.58,,08-09
1359,603036,如通股份,0.07,0.0,,1.52,,1493.72,1.78,,08-09
1360,600266,北京城建,0.2,19.28,,1.65,,36288.56,37.32,,08-09
1361,002068,黑猫股份,0.42,20.31,,9.41,,30615.49,42.18,,08-09
1362,002728,特一药业,0.38,40.74,,7.23,,7575.71,39.64,,08-09
1363,000915,山大华特,0.35,-44.44,,5.24,,8151.9,-44.44,,08-09
1364,603429,集友股份,0.28,-51.39,,9.7,,5424.37,42.02,,08-09
1365,600865,百大集团,0.23,155.56,,5.02,0.02,8686.63,147.38,,08-09
1366,603979,金诚信,0.28,47.37,,4.17,,16294.07,46.29,,08-09
1367,002479,富春环保,0.15,-41.32,,4.1,,12124.48,-38.93,,08-09
1368,600579,天华院,0.03,184.68,,0.89,,1038.27,184.6,,08-09
1369,600815,厦工股份,-0.06,-140.0,,-10.21,,-5309.22,-137.9,,08-09
1370,600551,时代出版,0.34,11.59,,3.65,,17092.42,11.61,,08-09
1371,002128,露天煤业,0.72,12.5,,10.26,,117692.27,11.93,,08-09
1372,300568,星源材质,0.8,116.22,,11.37,,15285.34,115.54,,08-09
1373,300013,新宁物流,0.1,-13.68,,2.16,,3001.69,-13.77,,08-09
1374,603637,镇海股份,0.1,-23.08,,2.47,,1789.88,9.41,,08-09
1375,300400,劲拓股份,0.22,69.23,,9.95,,5183.04,68.92,,08-09
1376,000705,浙江震元,0.13,0.23,,3.05,,4278.96,0.24,,08-09
1377,002766,索菱股份,0.15,-47.23,,3.38,,6463.11,13.05,,08-09
1378,002849,威星智能,0.25,2.4,,5.77,,3267.88,67.53,,08-09
1379,600710,苏美达,0.16,23.08,,5.02,,20542.96,24.79,,08-09
1380,000635,英力特,0.28,21.74,,2.84,,8586.27,20.8,10派12,08-09
1381,002817,黄山胶囊,0.24,-25.0,,3.06,,2060.66,-24.81,,08-08
1382,002331,皖通科技,0.09,1.96,,2.12,,3548.52,10.24,,08-08
1383,300199,翰宇药业,0.23,35.29,,5.33,,20981.26,30.93,,08-08
1384,300308,中际旭创,0.67,3250.0,,7.6,,31690.38,7884.94,,08-08
1385,603839,安正时尚,0.41,-18.0,,6.18,,16249.76,25.56,,08-08
1386,002377,国创高新,0.15,-1409.73,,2.79,,13565.26,-2876.97,,08-08
1387,300011,鼎汉技术,0.05,220.63,,1.15,,2865.69,238.2,,08-08
1388,000155,川化股份,0.03,-50.0,,1.07,,3244.61,-60.52,,08-08
1389,300018,中元股份,0.01,-80.0,,0.34,,506.63,-79.79,,08-08
1390,600382,广东明珠,0.39,8.33,,3.51,,18200.27,8.87,,08-08
1391,603393,新天然气,0.64,-7.25,,5.21,,10247.11,-7.27,,08-08
1392,600572,康恩贝,0.21,34.64,,9.26,,54848.09,42.62,,08-08
1393,600105,永鼎股份,0.07,-53.57,,2.99,,8007.75,-39.49,,08-08
1394,002080,中材科技,0.3,-35.68,,4.11,,38439.36,2.91,,08-08
1395,002659,凯文教育,-0.1,100.0,,-2.37,,-5167.91,104.15,,08-08
1396,002288,超华科技,0.04,15.57,,2.09,,3594.14,15.48,,08-08
1397,600367,红星发展,0.23,76.92,,5.51,,6581.95,68.24,,08-08
1398,600460,士兰微,0.07,4.29,,2.92,,9531.26,12.9,,08-08
1399,002585,双星新材,0.14,54.58,,2.09,,15622.36,71.13,,08-08
1400,002757,南兴装备,0.67,35.74,,8.65,,7942.7,48.28,,08-08
1401,600728,佳都科技,0.04,103.83,,2.13,,6873.9,107.23,,08-08
1402,000418,小天鹅A,1.43,23.28,,12.21,,90204.7,23.31,,08-08
1403,002372,伟星新材,0.3,-3.23,,11.34,,38599.48,23.61,,08-08
1404,002632,道明光学,0.17,70.0,,5.73,,10749.93,84.99,,08-08
1405,300606,金太阳,0.31,6.9,,5.94,,2793.94,7.7,,08-08
1406,000728,国元证券,0.07,-58.82,,0.91,,23168.56,-54.9,,08-08
1407,000822,山东海化,0.4,5.26,,11.91,,35690.86,5.83,,08-08
1408,002557,洽洽食品,0.34,15.7,,5.46,,17204.37,15.84,,08-08
1409,603638,艾迪精密,0.47,15.97,,13.52,,12199.41,79.14,,08-08
1410,600273,嘉化能源,0.39,11.43,,8.7,,58141.92,26.72,10派1.25,08-08
1411,002907,华森制药,0.16,21.55,,8.35,,6230.15,35.09,,08-08
1412,000739,普洛药业,0.16,43.82,,5.98,,18646.62,43.52,,08-08
1413,002891,中宠股份,0.26,-54.39,,3.74,,2636.38,-38.63,,08-08
1414,600323,瀚蓝环境,0.65,58.54,,9.31,,49998.01,59.08,,08-08
1415,600365,通葡股份,0.02,400.0,,0.88,,607.45,428.92,,08-08
1416,300065,海兰信,0.16,23.68,,4.76,,5953.13,23.5,,08-08
1417,300121,阳谷华泰,0.67,131.03,,17.53,,22026.2,172.33,,08-08
1418,603466,风语筑,0.44,-47.62,,9.58,,12840.91,41.22,,08-08
1419,002075,沙钢股份,0.29,242.12,,17.49,,64707.73,242.33,10派0.3,08-08
1420,002208,合肥城建,0.52,441.43,,9.19,,16690.59,441.48,,08-08
1421,002157,正邦科技,-0.08,-166.67,,-2.89,,-19094.22,-169.48,,08-08
1422,300070,碧水源,0.12,-32.11,,2.0,,36509.75,-31.61,,08-08
1423,600197,伊力特,0.49,33.27,,9.47,,21551.3,33.28,,08-08
1424,300612,宣亚国际,0.02,-92.59,,0.55,,260.17,-90.44,,08-08
1425,603078,江化微,0.23,-56.13,,2.57,,1921.99,-26.29,,08-08
1426,002563,森马服饰,0.25,25.0,,6.47,,66739.27,25.0,,08-08
1427,002206,海利得,0.15,7.14,,6.22,,18403.39,8.9,10派2,08-07
1428,300523,辰安科技,0.38,-860.0,,6.19,,5453.78,-941.51,,08-07
1429,000055,方大集团,0.19,0.93,,6.99,,23013.17,0.93,,08-07
1430,002364,中恒电气,0.07,-36.36,,1.7,,4017.42,-33.19,,08-07
1431,300114,中航电测,0.15,25.0,,6.07,,9091.86,28.23,,08-07
1432,600064,南京高科,0.57,-14.31,,6.88,,70332.07,37.12,,08-07
1433,002500,山西证券,0.04,-53.4,,0.88,,11027.35,-53.55,,08-07
1434,300466,赛摩电气,0.04,135.48,,1.43,,2017.81,142.98,,08-07
1435,600973,宝胜股份,0.07,15.52,,2.22,,8171.68,19.05,,08-07
1436,002436,兴森科技,0.06,-14.29,,3.93,,9607.05,-8.9,,08-07
1437,002511,中顺洁柔,0.16,-24.98,,6.38,,19978.52,27.73,,08-07
1438,300179,四方达,0.07,-17.39,,4.06,,3447.87,-15.76,,08-07
1439,002587,奥拓电子,0.14,-6.98,,7.01,,8312.67,36.1,,08-07
1440,002310,东方园林,0.25,47.06,,5.7,,66428.77,42.04,,08-07
1441,002559,亚威股份,0.18,37.65,,4.1,,6749.17,38.39,,08-07
1442,002456,欧菲科技,0.28,21.19,,7.82,,74362.31,19.93,,08-07
1443,603558,健盛集团,0.27,50.0,,3.9,,11059.16,69.89,,08-07
1444,300451,创业软件,0.13,-7.14,,2.93,,6116.19,87.12,,08-07
1445,300164,通源石油,0.15,1521.74,,4.0,,6572.1,1511.42,,08-07
1446,600966,博汇纸业,0.31,1.52,,7.96,,41146.2,1.5,10派0.6,08-07
1447,300043,星辉娱乐,0.11,-15.38,,5.42,,14109.44,-14.32,,08-07
1448,002554,惠博普,0.06,20.0,,2.69,,5845.99,2.11,,08-07
1449,002438,江苏神通,0.08,65.66,,2.31,,4023.54,55.62,,08-07
1450,002233,塔牌集团,0.72,108.12,,10.14,,86150.18,177.34,10派4.2,08-07
1451,300627,华测导航,0.19,-43.21,,5.57,,4436.84,29.81,,08-07
1452,000807,云铝股份,0.02,-66.67,,0.49,,4826.44,-67.17,,08-07
1453,002825,纳尔股份,0.28,47.37,,4.9,,2855.93,48.58,,08-07
1454,000546,金圆股份,0.24,74.47,,4.89,,17005.61,109.65,,08-07
1455,300638,广和通,0.18,-8.51,,5.84,,2217.62,56.92,,08-07
1456,603919,金徽酒,0.43,10.26,,8.27,,15761.77,11.15,,08-07
1457,603990,麦迪科技,0.14,-17.65,,2.59,,1130.56,-17.36,,08-07
1458,002206,海利得,0.15,7.14,,6.22,,18403.39,8.9,10派2,08-07
1459,300523,辰安科技,0.38,-860.0,,6.19,,5453.78,-941.51,,08-07
1460,000055,方大集团,0.19,0.93,,6.99,,23013.17,0.93,,08-07
1461,002364,中恒电气,0.07,-36.36,,1.7,,4017.42,-33.19,,08-07
1462,300114,中航电测,0.15,25.0,,6.07,,9091.86,28.23,,08-07
1463,002121,科陆电子,0.05,-55.78,,1.33,,6462.21,-52.05,,08-06
1464,002296,辉煌科技,0.05,-20.36,,1.4,,1988.31,-20.37,,08-06
1465,002193,如意集团,0.11,57.14,,1.14,,2889.45,49.29,,08-06
1466,603026,石大胜华,0.65,51.16,,8.07,,13176.74,52.24,,08-06
1467,000826,启迪桑德,0.39,-24.86,,3.69,,60717.0,23.16,,08-06
1468,300641,正丹股份,0.09,-71.88,,3.45,,4603.1,-39.53,,08-06
1469,300667,必创科技,0.08,-38.46,,2.28,,828.63,28.77,,08-06
1470,000514,渝开发,0.02,-65.53,,0.54,,1622.68,-65.48,,08-06
1471,002599,盛通股份,0.16,60.0,,3.23,,5043.89,67.03,,08-06
1472,300633,开立医疗,0.29,49.47,,10.59,,11795.21,60.16,,08-04
1473,002750,龙津药业,0.03,-53.25,,1.68,,1092.25,-53.33,,08-04
1474,600733,SST前锋,-0.04,337.5,,-3.7,,-699.64,321.25,,08-04
1475,002258,利尔化学,0.5,78.57,,10.38,,26064.74,74.51,,08-04
1476,300016,北陆药业,0.26,17.81,,7.67,,8469.12,17.69,10转5,08-04
1477,603318,派思股份,0.07,0.0,,2.63,,2725.52,5.57,,08-04
1478,002017,东信和平,0.06,-9.33,,2.23,,2120.81,-9.29,,08-04
1479,000628,高新发展,0.04,-20.0,,1.79,,1365.79,-20.56,,08-04
1480,600343,航天动力,0.02,-14.09,,0.52,,1129.28,-14.09,,08-04
1481,000042,中洲控股,1.08,374.56,,10.6,,71806.05,374.52,,08-04
1482,002353,杰瑞股份,0.19,533.33,,2.31,,18525.94,510.09,,08-04
1483,300371,汇中股份,0.18,91.48,,3.58,,2074.62,88.7,,08-04
1484,002189,利达光电,0.11,175.0,,3.97,,2241.85,165.21,,08-04
1485,002316,亚联发展,0.09,-189.6,,4.26,,3625.37,-189.62,,08-04
1486,002437,誉衡药业,0.1,3.11,,5.27,,22593.6,3.09,,08-04
1487,002916,深南电路,1.0,-16.67,,8.54,,28035.39,11.31,,08-03
1488,600193,*ST创兴,0.0,-101.11,,0.59,,108.05,-100.94,,08-03
1489,601678,滨化股份,0.3,0.0,,7.92,,46059.53,27.38,,08-03
1490,300088,长信科技,0.16,-39.08,,8.26,,36415.23,21.55,,08-03
1491,002706,良信电器,0.16,-23.81,,7.32,,12592.06,13.31,,08-03
1492,000404,长虹华意,0.09,-60.11,,1.9,,6026.65,-52.32,,08-03
1493,002860,星帅尔,0.43,-32.81,,7.55,,4915.88,13.08,,08-03
1494,000801,四川九洲,0.01,-175.4,,0.62,,1440.0,-175.3,,08-03
1495,600116,三峡水利,0.14,0.0,,4.98,,13922.94,1.48,,08-03
1496,600173,卧龙地产,0.25,104.88,,9.17,,18344.02,105.51,,08-03
1497,000049,德赛电池,0.65,16.49,,9.17,,13337.02,16.49,,08-03
1498,600114,东睦股份,0.32,-11.11,,7.62,,20042.87,33.11,10派2,08-03
1499,300593,新雷能,0.18,38.46,,3.7,,2098.82,36.34,,08-03
1500,000534,万泽股份,0.05,160.67,,1.5,,2279.9,160.41,,08-03
1501,300283,温州宏丰,0.04,100.0,,2.99,,1719.16,106.03,,08-03
1502,603636,南威软件,0.05,920.0,,1.81,,2397.99,177.44,,08-03
1503,601966,玲珑轮胎,0.44,22.22,,5.74,,52367.63,20.77,,08-03
1504,300588,熙菱信息,-0.15,-202.41,,-6.66,,-2449.39,-263.79,,08-03
1505,300059,东方财富,0.11,78.16,,3.74,,55861.19,114.77,,08-03
1506,002916,深南电路,1.0,-16.67,,8.54,,28035.39,11.31,,08-03
1507,600193,*ST创兴,0.0,-101.11,,0.59,,108.05,-100.94,,08-03
1508,601678,滨化股份,0.3,0.0,,7.92,,46059.53,27.38,,08-03
1509,300088,长信科技,0.16,-39.08,,8.26,,36415.23,21.55,,08-03
1510,000404,长虹华意,0.09,-60.11,,1.9,,6026.65,-52.32,,08-03
1511,002860,星帅尔,0.43,-32.81,,7.55,,4915.88,13.08,,08-03
1512,000801,四川九洲,0.01,-175.4,,0.62,,1440.0,-175.3,,08-03
1513,002706,良信电器,0.16,-23.81,,7.32,,12592.06,13.31,,08-03
1514,002143,印纪传媒,0.01,-94.92,,0.74,,2170.43,-91.89,,08-02
1515,600301,ST南化,-0.05,35.77,,-5.32,,-1267.35,35.6,,08-02
1516,603579,荣泰健康,1.01,-39.16,,10.07,,14132.46,27.03,,08-02
1517,002299,圣农发展,0.27,1578.88,,5.22,,33500.6,1774.09,,08-02
1518,300131,英唐智控,0.08,18.54,,5.68,,9023.23,18.48,,08-02
1519,600763,通策医疗,0.42,50.0,,12.72,,13486.16,52.68,,08-02
1520,002564,天沃科技,0.14,10.16,,3.51,,10299.37,13.7,,08-02
1521,600505,西昌电力,0.01,-48.93,,0.41,,435.56,-48.82,,08-02
1522,002384,东山精密,0.24,118.18,,3.28,,26005.4,117.93,,08-02
1523,300690,双一科技,0.4,-59.6,,4.73,,4405.6,-14.35,,08-02
1524,600519,贵州茅台,12.55,40.07,,15.87,,1576418.58,40.12,,08-02
1525,000812,陕西金叶,0.03,41.59,,1.8,,2460.99,143.19,,08-02
1526,600452,涪陵电力,0.55,-20.29,,10.3,,12343.76,12.58,,08-02
1527,600559,老白干酒,0.23,109.09,,7.21,,14626.01,208.01,,08-01
1528,000557,西部创业,0.03,104.12,,1.25,,5063.94,104.06,,08-01
1529,300549,优德精密,0.2,-34.55,,5.2,,2669.09,-34.56,,08-01
1530,603002,宏昌电子,0.06,100.0,,3.12,,3476.9,99.07,,08-01
1531,002843,泰嘉股份,0.23,40.76,,5.09,,3189.97,45.47,,08-01
1532,002547,春兴精工,0.03,-40.0,,1.11,,3007.35,-37.49,,08-01
1533,300239,东宝生物,0.04,38.4,,2.28,,1677.99,38.21,,08-01
1534,600681,百川能源,0.49,157.89,,12.28,,50232.23,175.91,,08-01
1535,600011,华能国际,0.13,160.0,,2.8,,212871.04,170.29,,08-01
1536,300378,鼎捷软件,0.13,0.0,,2.86,,3520.46,6.26,,08-01
1537,300410,正业科技,0.59,34.09,,5.52,,11478.37,40.47,,08-01
1538,300181,佐力药业,0.06,-28.41,,2.52,,3450.71,-28.4,,08-01
1539,600293,三峡新材,0.18,-14.91,,5.55,,21412.17,17.77,,08-01
1540,600769,祥龙电业,0.0,-42.86,,3.35,,160.46,-39.04,,08-01
1541,603988,中电电机,0.16,-27.27,,3.92,,2647.57,49.01,10派0.8转4,08-01
1542,300445,康斯特,0.17,56.64,,5.97,,2889.15,56.63,,08-01
1543,603933,睿能科技,0.55,-49.57,,7.9,,7880.24,-5.86,,08-01
1544,603101,汇嘉时代,0.33,24.15,,6.01,,8005.77,24.12,,07-31
1545,300037,新宙邦,0.32,-5.88,,4.81,,12068.92,-4.93,,07-31
1546,300123,亚光科技,0.09,190.63,,1.13,,5224.72,478.34,,07-31
1547,603369,今世缘,0.68,31.88,,15.19,,85628.71,31.87,,07-31
1548,002771,真视通,0.12,-33.33,,3.04,,2007.51,-32.32,,07-31
1549,300570,太辰光,0.27,29.14,,5.44,,6236.74,30.16,,07-31
1550,603131,上海沪工,0.08,-61.9,,2.46,,1628.16,-61.49,,07-31
1551,300463,迈克生物,0.42,20.0,,8.86,,23172.39,20.18,,07-31
1552,300146,汤臣倍健,0.48,20.0,,13.28,,70460.71,21.01,,07-31
1553,300263,隆华节能,0.07,150.9,,2.44,,6173.58,150.44,,07-31
1554,002395,双象股份,0.08,26.21,,1.71,,1446.41,26.26,,07-31
1555,002471,中超控股,0.06,91.02,,4.2,,8088.68,91.1,,07-31
1556,000983,西山煤电,0.35,21.61,,6.01,,111543.24,21.59,,07-31
1557,002549,凯美特气,0.07,227.83,,4.83,,4336.74,228.27,,07-31
1558,300240,飞力达,0.11,0.0,,3.54,,3847.69,-0.18,,07-31
1559,002184,海得控制,-0.19,-1751.75,,-4.14,,-4488.39,-1739.4,,07-31
1560,002184,海得控制,-0.19,-1751.75,,-4.14,,-4488.39,-1739.4,,07-31
1561,000065,北方国际,0.44,12.82,,8.93,,34218.43,72.45,,07-31
1562,002395,双象股份,0.08,26.21,,1.71,,1446.41,26.26,,07-31
1563,002471,中超控股,0.06,91.02,,4.2,,8088.68,91.1,,07-31
1564,000983,西山煤电,0.35,21.61,,6.01,,111543.24,21.59,,07-31
1565,002549,凯美特气,0.07,227.83,,4.83,,4336.74,228.27,,07-31
1566,603501,韦尔股份,0.34,142.86,,11.78,,15578.72,164.9,,07-31
1567,603025,大豪科技,0.39,-2.5,,12.63,,24687.31,39.06,10转4.5,07-31
1568,300014,亿纬锂能,0.19,-29.63,,5.02,,15877.35,-31.72,,07-31
1569,300335,迪森股份,0.25,2.5,,7.02,,9079.23,3.31,,07-31
1570,300379,东方通,0.01,-78.44,,0.11,,160.94,-78.44,,07-31
1571,002702,海欣食品,0.02,-160.72,,1.35,,1046.18,-160.61,,07-31
1572,300401,花园生物,0.32,-21.95,,11.32,,15314.39,103.68,,07-31
1573,600885,宏发股份,0.49,-35.53,,8.68,,36731.78,-9.0,,07-31
1574,002360,同德化工,0.22,144.44,,8.12,,8621.39,154.58,,07-31
1575,600309,万华化学,2.54,41.9,,25.43,,694993.44,42.97,,07-31
1576,603826,坤彩科技,0.23,8.89,,7.17,,8924.13,43.74,,07-31
1577,002182,云海金属,0.22,51.96,,8.96,,14536.57,51.89,,07-31
1578,002210,飞马国际,0.08,0.0,,3.0,,12626.09,-9.82,,07-31
1579,002254,泰和新材,0.16,60.0,,4.83,,10021.56,62.66,,07-31
1580,600113,浙江东日,0.15,15.38,,7.26,,4919.22,18.04,,07-31
1581,002425,凯撒文化,0.14,16.67,,3.17,,11717.09,18.94,,07-31
1582,000929,兰州黄河,-0.17,-546.19,,-4.4,,-3158.81,-546.34,,07-31
1583,300245,天玑科技,0.12,-25.14,,2.84,,3900.69,-9.18,,07-31
1584,300284,苏交科,0.23,-16.73,,4.83,,18287.24,20.66,,07-31
1585,300298,三诺生物,0.31,14.75,,7.59,,16810.29,79.65,,07-31
1586,002139,拓邦股份,0.11,-21.43,,5.47,,10962.32,16.68,,07-31
1587,002171,楚江新材,0.2,-37.58,,6.15,,21292.66,23.54,,07-31
1588,002225,濮耐股份,0.14,133.33,,5.08,,12308.69,120.6,,07-31
1589,300508,维宏股份,-0.01,-101.13,,-0.14,,-70.54,-101.79,,07-31
1590,600136,当代明诚,0.22,421.33,,4.2,,10815.37,426.04,,07-31
1591,000059,华锦股份,0.48,-8.01,,6.08,,76271.49,-8.01,,07-31
1592,603010,万盛股份,0.19,-29.63,,4.26,,4770.37,-30.95,,07-31
1593,002014,永新股份,0.18,-28.0,,5.43,,9137.79,9.69,,07-31
1594,300497,富祥股份,0.6,-35.48,,13.03,,13200.3,30.55,,07-31
1595,300172,中电环保,0.13,18.18,,5.35,,6582.56,13.64,,07-31
1596,002037,久联发展,0.14,16.67,,2.13,,4446.28,18.01,,07-31
1597,600686,金龙汽车,0.1,66.67,,1.77,,7919.01,106.41,,07-31
1598,600337,美克家居,0.11,10.0,,4.11,,20558.27,35.51,,07-31
1599,600734,实达集团,0.16,87.99,,3.37,,9859.19,88.84,,07-31
1600,002761,多喜爱,0.12,100.0,,3.61,,2464.14,259.48,,07-31
1601,600246,万通地产,0.16,525.7,,4.5,,31995.61,525.6,,07-31
1602,002490,山东墨龙,0.04,363.64,,1.73,,3257.53,363.99,,07-31
1603,002903,宇环数控,0.2,-68.25,,4.93,,3073.33,-35.04,,07-30
1604,300534,陇神戎发,0.04,-23.31,,1.49,,1068.04,-23.26,,07-28
1605,300110,华仁药业,0.01,70.93,,0.84,,1640.89,93.82,,07-28
1606,300685,艾德生物,0.48,-34.25,,10.17,,6957.56,57.86,,07-28
1607,300654,世纪天鸿,0.05,-28.57,,1.7,,726.87,46.53,,07-28
1608,600346,恒力股份,0.39,95.0,,8.42,,188227.27,234.75,10派2.5,07-28
1609,002380,科远股份,0.23,9.52,,2.63,,5452.46,10.52,,07-28
1610,002507,涪陵榨菜,0.39,77.27,,14.81,,30524.61,77.52,,07-28
1611,600774,汉商集团,0.05,9.52,,1.76,,1033.51,41.54,,07-28
1612,600059,古越龙山,0.13,8.33,,2.58,,10376.5,10.14,,07-28
1613,601168,西部矿业,0.24,118.18,,5.03,,57522.23,121.21,,07-28
1614,600829,人民同泰,0.23,-3.54,,8.75,,13421.48,-3.51,,07-28
1615,600566,济川药业,1.04,44.78,,17.97,,84251.7,44.81,,07-28
1616,000848,承德露露,0.26,13.04,,12.89,,25296.35,11.12,,07-28
1617,600356,恒丰纸业,0.1,-33.33,,1.49,,3104.68,-32.69,,07-28
1618,600615,丰华股份,0.02,-96.48,,0.61,,363.24,-96.42,,07-28
1619,600961,株冶集团,-2.58,-25900.0,,-487.9,,-135985.99,-19909.57,,07-28
1620,000990,诚志股份,0.26,-18.41,,2.04,,32712.33,-17.45,,07-28
1621,600615,丰华股份,0.02,-96.48,,0.61,,363.24,-96.42,,07-28
1622,002644,佛慈制药,0.08,22.78,,3.07,,4238.95,22.85,,07-28
1623,000713,丰乐种业,0.01,-108.54,,0.15,,204.0,-108.57,,07-27
1624,002869,金溢科技,-0.03,-105.0,,-0.38,,-386.99,-106.87,,07-27
1625,300281,金明精机,0.08,-33.33,,2.63,,3193.44,6.56,,07-27
1626,000584,哈工智能,0.11,64.04,,4.01,,6518.87,64.07,,07-27
1627,600663,陆家嘴,0.55,59.35,,12.13,,183865.12,59.37,,07-27
1628,603758,秦安股份,-0.02,-106.25,,-0.3,,-738.05,-106.17,,07-27
1629,300416,苏试试验,0.24,33.33,,5.92,,2988.35,29.24,,07-27
1630,000420,吉林化纤,0.04,37.46,,2.79,,7877.68,37.59,,07-27
1631,002533,金杯电工,0.13,11.97,,3.15,,7263.94,13.61,,07-27
1632,603929,亚翔集成,0.48,26.32,,10.06,,10232.42,25.97,,07-27
1633,002786,银宝山新,0.01,-87.5,,0.39,,432.55,-85.73,,07-27
1634,002538,司尔特,0.14,7.69,,3.04,,10216.51,12.41,,07-27
1635,603787,新日股份,0.24,9.09,,5.37,,4830.72,31.49,,07-27
1636,000911,南宁糖业,-1.53,595.45,,-43.02,,-49604.79,583.42,,07-27
1637,002767,先锋电子,0.08,-22.85,,1.81,,1265.29,-22.87,,07-27
1638,002826,易明医药,0.08,-27.27,,2.54,,1551.31,-27.28,,07-27
1639,603023,威帝股份,0.09,50.0,,5.84,,3382.41,58.49,,07-27
1640,600392,盛和资源,0.11,-1.16,,3.7,,19446.44,44.49,,07-27
1641,002148,北纬科技,0.05,-64.29,,2.43,,2861.98,-63.14,,07-27
1642,002469,三维工程,0.06,21.21,,2.38,,2839.2,14.03,,07-27
1643,000928,中钢国际,0.19,-6.0,,5.09,,23627.03,-6.06,,07-27
1644,600698,湖南天雁,-0.0,-159.32,,-0.58,,-336.01,-158.15,,07-27
1645,601798,*ST蓝科,-0.16,-3260.0,,-3.3,,-5611.77,-3170.05,,07-26
1646,002787,华源控股,0.14,-17.65,,3.82,,3968.45,-17.94,,07-26
1647,002539,云图控股,0.09,28.57,,2.94,,9081.29,23.79,10派0.6,07-26
1648,300136,信维通信,0.44,7.15,,14.68,,43713.66,8.37,,07-26
1649,000537,广宇发展,0.9,1700.0,,16.03,,166891.97,6135.23,,07-26
1650,600425,青松建化,0.05,-153.93,,1.62,,6616.05,-153.84,,07-26
1651,603313,梦百合,0.16,-65.96,,2.46,,3810.65,-66.32,,07-26
1652,002575,群兴玩具,0.01,-129.17,,0.41,,368.29,-129.0,,07-26
1653,600299,安迪苏,0.18,-18.18,,3.75,,48921.16,-15.27,,07-26
1654,600577,精达股份,0.15,65.91,,9.36,,28625.93,65.6,,07-26
1655,600722,金牛化工,0.03,-8.95,,2.08,,1936.64,-9.12,,07-26
1656,603305,旭升股份,0.33,6.45,,11.03,,13277.58,20.24,,07-26
1657,002598,山东章鼓,0.12,22.22,,4.96,,3842.42,22.12,,07-25
1658,002552,*ST宝鼎,0.07,-333.33,,3.73,,2255.84,-373.65,,07-25
1659,603077,和邦生物,0.03,0.0,,2.46,,27380.91,6.97,,07-25
1660,300390,天华超净,0.06,50.0,,2.4,,2023.06,63.17,,07-25
1661,603868,飞科电器,0.91,4.6,,17.44,,39817.46,5.06,,07-25
1662,603903,中持股份,0.56,259.2,,7.79,,5811.45,315.85,,07-25
1663,300547,川环科技,0.48,-37.62,,7.66,,5930.84,28.37,,07-25
1664,600779,水井坊,0.55,133.58,,15.6,,26745.46,133.59,,07-25
1665,002413,雷科防务,0.06,20.0,,1.84,,6794.43,34.64,,07-25
1666,603538,美诺华,0.38,31.03,,3.96,,4504.58,37.21,,07-24
1667,300249,依米康,0.09,59.22,,3.9,,3816.0,63.32,,07-24
1668,000430,张家界,0.05,-58.33,,1.29,,2013.84,-47.9,,07-24
1669,002677,浙江美大,0.23,53.33,,11.38,,14579.53,47.03,,07-23
1670,603333,明星电缆,0.05,155.0,,1.86,,2668.28,156.43,10派0.1,07-21
1671,000688,国城矿业,0.23,6.08,,11.15,,25615.29,6.07,,07-21
1672,002415,海康威视,0.45,25.77,,13.08,,414739.55,26.0,,07-21
1673,603707,健友股份,0.41,20.36,,10.6,,22711.64,84.24,,07-20
1674,600696,ST岩石,0.04,100.0,,4.83,,1368.81,151.95,,07-20
1675,002107,沃华医药,0.11,10.0,,6.69,,3794.8,5.68,,07-20
1676,600805,悦达投资,0.12,1080.0,,1.63,,10018.02,1072.33,,07-20
1677,300034,钢研高纳,0.11,20.0,,3.37,,4634.54,20.41,,07-20
1678,300478,杭州高新,0.18,-10.0,,3.95,,2257.62,67.41,,07-18
1679,002772,众兴菌业,0.1,-42.29,,1.42,,3707.89,-41.92,,07-17
1680,601606,长城军工,0.03,50.0,2.9,0.95,-0.14,1581.76,44.77,,07-17
1681,300001,特锐德,0.12,20.0,,4.05,,12281.92,20.1,,07-17
1682,603587,地素时尚,0.99,23.75,,22.38,,33556.4,23.07,10派10,07-17
1683,603199,九华旅游,0.54,1.19,,5.71,,6025.0,1.19,,07-14
1684,603713,密尔克卫,0.59,78.79,6.99,8.83,0.08,6696.12,75.09,,07-12
1685,002240,威华股份,0.11,575.47,,2.78,,5751.14,639.34,,07-11
1686,002462,嘉事堂,0.74,29.82,,8.06,,18540.25,29.82,,07-11
1687,002565,顺灏股份,0.07,250.0,,1.93,,4539.06,169.98,10派2.01666,07-10
1688,000818,航锦科技,0.35,296.38,,9.32,,24108.84,295.12,,07-10
